age,education,occupation,hours_per_week,region,sex,income
54.0,Bachelors,Professional,39.0,West,M,<=50K
50.0,Some-college,Craft,45.0,West,F,<=50K
47.0,Bachelors,Professional,41.0,South,F,<=50K
55.0,HS,Sales,42.0,Midwest,M,<=50K
47.0,Bachelors,Craft,41.0,South,F,<=50K
62.0,HS,Craft,47.0,South,M,<=50K
55.0,Some-college,Service,29.0,Northeast,M,<=50K
53.0,Masters,Tech,36.0,South,F,>50K
37.0,Masters,Professional,43.0,West,F,<=50K
32.0,Some-college,Professional,39.0,Midwest,M,<=50K
37.0,HS,Craft,30.0,West,M,<=50K
56.0,Masters,Professional,39.0,Midwest,M,<=50K
53.0,Bachelors,Tech,35.0,Northeast,F,<=50K
35.0,Bachelors,Professional,39.0,South,F,>50K
56.0,Masters,Professional,27.0,South,F,<=50K
43.0,HS,Professional,26.0,South,F,<=50K
43.0,Masters,Tech,28.0,Midwest,M,<=50K
69.0,HS,Craft,40.0,Northeast,M,<=50K
52.0,Masters,Tech,63.0,South,F,>50K
55.0,HS,Sales,50.0,Northeast,F,<=50K
55.0,Some-college,Tech,52.0,Midwest,F,<=50K
35.0,Some-college,Tech,39.0,West,M,<=50K
56.0,Masters,Professional,55.0,West,M,>50K
90.0,Masters,Professional,40.0,West,M,<=50K
38.0,Bachelors,Tech,40.0,South,M,<=50K
63.0,Masters,Professional,51.0,South,M,<=50K
65.0,Bachelors,Admin,30.0,West,F,<=50K
65.0,Bachelors,Professional,22.0,West,F,<=50K
44.0,HS,Professional,30.0,Northeast,M,<=50K
47.0,HS,Tech,53.0,West,F,<=50K
38.0,HS,Craft,47.0,Midwest,F,<=50K
51.0,Bachelors,Tech,43.0,South,M,>50K
75.0,Bachelors,Tech,38.0,Northeast,F,<=50K
43.0,Some-college,Professional,39.0,South,F,<=50K
31.0,Bachelors,Professional,41.0,South,F,>50K
52.0,Some-college,Craft,34.0,South,F,<=50K
66.0,Some-college,Professional,48.0,South,M,<=50K
48.0,HS,Tech,32.0,Northeast,F,<=50K
83.0,HS,Tech,51.0,West,M,<=50K
49.0,Masters,Professional,38.0,South,F,>50K
52.0,Masters,Professional,33.0,Northeast,M,>50K
39.0,HS,Professional,37.0,South,M,<=50K
47.0,Some-college,Craft,33.0,South,F,<=50K
65.0,Bachelors,Professional,40.0,Northeast,F,<=50K
65.0,Doctorate,Professional,25.0,Northeast,M,>50K
73.0,Some-college,Tech,36.0,Northeast,F,<=50K
64.0,Bachelors,Professional,42.0,South,F,<=50K
59.0,Masters,Tech,45.0,South,F,>50K
30.0,HS,Craft,35.0,West,M,<=50K
42.0,Some-college,Professional,51.0,Midwest,M,<=50K
90.0,Bachelors,Tech,23.0,Northeast,M,<=50K
45.0,Some-college,Craft,39.0,West,F,<=50K
62.0,Doctorate,Tech,37.0,Midwest,F,>50K
51.0,Masters,Professional,41.0,South,M,<=50K
62.0,Bachelors,Professional,39.0,Northeast,M,<=50K
53.0,Some-college,Sales,53.0,West,M,<=50K
40.0,Masters,Professional,40.0,Northeast,M,<=50K
42.0,Bachelors,Tech,32.0,Northeast,F,<=50K
57.0,Some-college,Professional,63.0,Northeast,M,<=50K
45.0,Some-college,Sales,41.0,West,F,<=50K
31.0,HS,Service,37.0,South,F,<=50K
60.0,Bachelors,Professional,49.0,South,F,<=50K
69.0,Masters,Professional,36.0,Midwest,F,<=50K
67.0,Masters,Professional,39.0,West,M,<=50K
67.0,Masters,Professional,48.0,West,M,<=50K
35.0,Bachelors,Professional,29.0,Midwest,F,<=50K
81.0,Some-college,Tech,35.0,South,F,<=50K
50.0,Some-college,Tech,49.0,West,M,<=50K
41.0,Masters,Professional,56.0,South,M,<=50K
46.0,Bachelors,Professional,40.0,South,F,<=50K
43.0,Some-college,Sales,39.0,South,M,<=50K
37.0,Bachelors,Professional,49.0,Northeast,F,<=50K
52.0,Masters,Professional,28.0,Northeast,F,<=50K
54.0,Masters,Professional,35.0,South,M,<=50K
49.0,Bachelors,Craft,34.0,South,F,<=50K
54.0,Some-college,Professional,23.0,Midwest,M,<=50K
49.0,Bachelors,Professional,15.0,South,F,<=50K
43.0,Doctorate,Professional,37.0,South,M,>50K
44.0,Bachelors,Professional,48.0,South,F,>50K
59.0,Some-college,Professional,47.0,West,F,>50K
36.0,Bachelors,Professional,50.0,Northeast,F,<=50K
45.0,HS,Craft,16.0,West,M,<=50K
66.0,Bachelors,Professional,40.0,West,F,<=50K
55.0,Some-college,Tech,53.0,Midwest,M,<=50K
61.0,Masters,Professional,34.0,South,M,>50K
52.0,Bachelors,Professional,30.0,South,F,>50K
38.0,Masters,Professional,42.0,South,F,>50K
47.0,Doctorate,Professional,41.0,Northeast,M,>50K
53.0,Bachelors,Professional,47.0,Midwest,F,<=50K
47.0,Some-college,Professional,41.0,South,M,<=50K
49.0,Bachelors,Craft,52.0,South,F,<=50K
54.0,Bachelors,Tech,47.0,South,F,<=50K
65.0,Bachelors,Professional,43.0,South,F,>50K
46.0,Some-college,Professional,37.0,South,F,<=50K
71.0,Masters,Professional,47.0,West,M,>50K
52.0,Bachelors,Professional,35.0,South,M,<=50K
67.0,HS,Admin,49.0,South,M,<=50K
70.0,Bachelors,Professional,51.0,West,M,<=50K
83.0,Bachelors,Tech,47.0,Northeast,M,<=50K
69.0,Masters,Craft,30.0,South,M,<=50K
69.0,Some-college,Professional,45.0,Northeast,M,<=50K
82.0,Some-college,Professional,42.0,Northeast,M,<=50K
33.0,Masters,Professional,46.0,South,M,<=50K
40.0,Some-college,Tech,26.0,South,F,<=50K
68.0,Bachelors,Tech,36.0,West,F,<=50K
30.0,Bachelors,Craft,37.0,South,M,<=50K
55.0,Masters,Professional,53.0,South,M,<=50K
54.0,Bachelors,Professional,36.0,South,M,>50K
35.0,HS,Professional,47.0,South,F,<=50K
41.0,Masters,Professional,41.0,South,F,<=50K
62.0,Some-college,Craft,58.0,West,F,<=50K
60.0,Some-college,Craft,44.0,Midwest,M,<=50K
45.0,Doctorate,Professional,26.0,Northeast,M,<=50K
42.0,Masters,Professional,38.0,Midwest,M,>50K
43.0,HS,Craft,42.0,South,F,<=50K
59.0,Some-college,Professional,52.0,West,F,<=50K
36.0,Some-college,Professional,45.0,West,M,<=50K
52.0,Some-college,Tech,39.0,West,F,<=50K
36.0,HS,Tech,28.0,West,M,<=50K
67.0,Masters,Professional,41.0,West,F,<=50K
55.0,Masters,Professional,40.0,Midwest,F,>50K
75.0,Bachelors,Professional,52.0,Midwest,F,>50K
29.0,Some-college,Professional,46.0,West,M,<=50K
31.0,Bachelors,Tech,26.0,West,F,<=50K
44.0,Bachelors,Craft,20.0,Midwest,F,<=50K
79.0,Some-college,Tech,36.0,West,F,<=50K
39.0,Some-college,Professional,42.0,Northeast,M,<=50K
74.0,Some-college,Craft,32.0,Northeast,F,>50K
55.0,Masters,Professional,37.0,West,M,<=50K
54.0,Bachelors,Professional,52.0,Midwest,F,<=50K
63.0,HS,Craft,48.0,Northeast,F,>50K
40.0,Some-college,Professional,25.0,West,F,>50K
44.0,Doctorate,Professional,43.0,Midwest,M,<=50K
37.0,HS,Craft,41.0,West,F,<=50K
54.0,Bachelors,Tech,39.0,West,M,<=50K
87.0,Some-college,Craft,43.0,Midwest,F,>50K
47.0,Masters,Professional,46.0,Midwest,M,>50K
60.0,Bachelors,Professional,63.0,South,F,>50K
58.0,Some-college,Professional,43.0,Midwest,F,<=50K
55.0,HS,Admin,35.0,West,M,<=50K
50.0,Some-college,Craft,37.0,West,M,<=50K
75.0,Masters,Professional,47.0,Northeast,M,>50K
54.0,Masters,Professional,58.0,West,M,<=50K
46.0,HS,Tech,46.0,Midwest,F,<=50K
71.0,Doctorate,Tech,45.0,South,M,>50K
65.0,Bachelors,Professional,43.0,Midwest,M,<=50K
57.0,Some-college,Tech,37.0,West,M,<=50K
51.0,Bachelors,Craft,42.0,South,F,<=50K
83.0,Some-college,Craft,28.0,South,F,<=50K
53.0,Some-college,Admin,48.0,South,F,<=50K
45.0,Some-college,Professional,45.0,Midwest,M,<=50K
62.0,Bachelors,Professional,43.0,West,F,<=50K
49.0,Some-college,Professional,33.0,Northeast,F,<=50K
53.0,HS,Sales,39.0,South,F,<=50K
48.0,Bachelors,Professional,36.0,South,M,<=50K
51.0,Some-college,Tech,44.0,South,M,<=50K
34.0,Masters,Professional,36.0,South,F,>50K
42.0,Bachelors,Professional,43.0,South,M,>50K
43.0,Bachelors,Tech,49.0,Midwest,M,>50K
36.0,Bachelors,Professional,51.0,South,F,>50K
49.0,Masters,Professional,32.0,Midwest,M,<=50K
57.0,Some-college,Tech,38.0,West,F,<=50K
40.0,HS,Service,30.0,West,F,<=50K
90.0,Masters,Professional,48.0,Northeast,F,>50K
51.0,HS,Craft,34.0,Northeast,F,<=50K
59.0,Some-college,Tech,53.0,Midwest,F,<=50K
39.0,Bachelors,Professional,35.0,South,F,<=50K
42.0,Some-college,Tech,49.0,West,M,>50K
83.0,Doctorate,Tech,34.0,West,F,<=50K
63.0,Masters,Professional,39.0,Northeast,F,<=50K
51.0,Bachelors,Professional,42.0,Midwest,F,<=50K
37.0,Some-college,Tech,40.0,West,M,<=50K
82.0,Masters,Professional,38.0,South,F,<=50K
41.0,Some-college,Professional,46.0,South,F,>50K
47.0,Some-college,Craft,51.0,South,M,<=50K
51.0,Masters,Tech,49.0,South,M,>50K
59.0,Bachelors,Professional,37.0,Northeast,M,<=50K
53.0,Doctorate,Professional,25.0,West,M,<=50K
53.0,Some-college,Professional,42.0,South,F,<=50K
90.0,HS,Sales,12.0,South,M,<=50K
55.0,Masters,Professional,47.0,Midwest,M,>50K
60.0,Masters,Professional,47.0,Midwest,F,<=50K
36.0,Some-college,Admin,29.0,Midwest,M,<=50K
66.0,Doctorate,Professional,46.0,South,M,>50K
33.0,Doctorate,Professional,33.0,Northeast,M,<=50K
44.0,Some-college,Tech,52.0,South,F,<=50K
90.0,Bachelors,Professional,31.0,Midwest,M,<=50K
43.0,HS,Service,33.0,West,M,<=50K
53.0,Bachelors,Admin,35.0,West,M,<=50K
39.0,Bachelors,Professional,42.0,West,F,<=50K
39.0,Bachelors,Tech,31.0,South,F,<=50K
73.0,Some-college,Craft,60.0,South,F,<=50K
47.0,Some-college,Craft,38.0,Midwest,M,<=50K
52.0,HS,Admin,57.0,Northeast,F,<=50K
49.0,HS,Professional,38.0,West,F,>50K
36.0,HS,Admin,36.0,South,F,<=50K
51.0,HS,Tech,35.0,Midwest,F,<=50K
72.0,Bachelors,Tech,34.0,South,F,<=50K
43.0,Bachelors,Professional,44.0,West,F,<=50K
60.0,Masters,Professional,52.0,Northeast,F,<=50K
72.0,Bachelors,Tech,42.0,Northeast,F,<=50K
38.0,Some-college,Tech,32.0,South,F,<=50K
68.0,Bachelors,Professional,43.0,Midwest,F,>50K
32.0,Bachelors,Professional,31.0,West,M,<=50K
64.0,Bachelors,Craft,18.0,West,F,<=50K
48.0,Bachelors,Tech,42.0,Northeast,M,<=50K
39.0,Some-college,Professional,24.0,Midwest,F,<=50K
51.0,Some-college,Tech,36.0,South,M,<=50K
45.0,Bachelors,Admin,41.0,South,M,<=50K
34.0,HS,Professional,35.0,West,M,<=50K
71.0,Masters,Admin,38.0,West,M,>50K
73.0,HS,Admin,54.0,Northeast,M,>50K
40.0,Bachelors,Professional,48.0,West,M,>50K
47.0,HS,Professional,54.0,Northeast,M,<=50K
46.0,Masters,Professional,43.0,Midwest,F,>50K
49.0,Masters,Professional,43.0,South,M,>50K
37.0,Some-college,Professional,55.0,South,F,>50K
69.0,Some-college,Professional,35.0,Northeast,F,<=50K
54.0,HS,Sales,44.0,West,M,<=50K
41.0,Bachelors,Tech,41.0,South,M,<=50K
46.0,Bachelors,Professional,43.0,South,M,<=50K
43.0,Doctorate,Professional,46.0,Northeast,F,>50K
50.0,HS,Tech,42.0,West,F,<=50K
64.0,Masters,Tech,48.0,West,M,<=50K
64.0,Some-college,Tech,34.0,Midwest,M,<=50K
39.0,Bachelors,Professional,44.0,South,F,<=50K
55.0,Masters,Tech,32.0,Northeast,F,<=50K
42.0,Bachelors,Professional,50.0,West,M,>50K
33.0,Bachelors,Professional,47.0,Northeast,F,<=50K
40.0,Some-college,Service,38.0,West,F,<=50K
53.0,Bachelors,Professional,37.0,Northeast,F,<=50K
35.0,Bachelors,Professional,39.0,South,F,<=50K
43.0,Masters,Professional,45.0,West,M,<=50K
60.0,HS,Sales,28.0,Northeast,F,<=50K
44.0,Some-college,Professional,32.0,Midwest,M,<=50K
43.0,HS,Admin,49.0,South,F,<=50K
41.0,HS,Craft,38.0,South,F,<=50K
32.0,Some-college,Admin,27.0,Northeast,F,<=50K
49.0,Masters,Professional,21.0,South,M,>50K
53.0,Doctorate,Professional,37.0,Midwest,F,>50K
55.0,Masters,Professional,26.0,Midwest,M,>50K
40.0,HS,Professional,41.0,Midwest,F,<=50K
40.0,Bachelors,Craft,39.0,South,M,<=50K
67.0,Some-college,Professional,57.0,South,M,<=50K
41.0,Bachelors,Tech,29.0,Midwest,F,<=50K
49.0,Masters,Tech,46.0,Midwest,M,<=50K
25.0,Bachelors,Professional,26.0,West,M,<=50K
40.0,Masters,Professional,31.0,West,M,<=50K
40.0,Some-college,Sales,38.0,South,M,<=50K
35.0,HS,Sales,32.0,West,M,<=50K
80.0,HS,Admin,55.0,South,M,<=50K
48.0,Bachelors,Professional,40.0,Midwest,M,>50K
32.0,Bachelors,Professional,32.0,West,F,<=50K
53.0,Masters,Tech,61.0,Midwest,F,<=50K
52.0,Some-college,Professional,34.0,West,M,>50K
53.0,Bachelors,Professional,38.0,West,F,<=50K
78.0,Bachelors,Tech,38.0,Midwest,M,<=50K
52.0,Masters,Professional,34.0,Northeast,F,<=50K
53.0,Bachelors,Professional,46.0,West,M,<=50K
43.0,HS,Admin,51.0,South,M,<=50K
40.0,Masters,Professional,28.0,Midwest,M,<=50K
52.0,Bachelors,Professional,37.0,South,F,<=50K
51.0,Bachelors,Professional,38.0,West,M,<=50K
41.0,HS,Tech,28.0,South,F,<=50K
46.0,Bachelors,Tech,29.0,South,M,<=50K
54.0,HS,Tech,38.0,West,F,<=50K
55.0,HS,Admin,33.0,South,F,<=50K
45.0,Some-college,Tech,43.0,South,F,<=50K
30.0,Some-college,Service,45.0,West,F,<=50K
56.0,Bachelors,Craft,43.0,South,M,<=50K
48.0,Masters,Tech,43.0,South,F,<=50K
41.0,Bachelors,Professional,32.0,Midwest,F,<=50K
46.0,Doctorate,Professional,35.0,South,M,>50K
38.0,Some-college,Tech,43.0,West,F,<=50K
56.0,Masters,Professional,46.0,Midwest,F,>50K
47.0,HS,Sales,40.0,West,M,<=50K
34.0,Bachelors,Professional,43.0,West,M,<=50K
58.0,Some-college,Professional,39.0,South,M,<=50K
60.0,Bachelors,Professional,31.0,South,F,>50K
50.0,Bachelors,Professional,43.0,Midwest,F,<=50K
61.0,HS,Craft,37.0,Northeast,M,<=50K
35.0,Bachelors,Professional,24.0,Midwest,M,>50K
75.0,Some-college,Professional,47.0,Midwest,F,<=50K
58.0,Bachelors,Professional,44.0,Midwest,M,>50K
70.0,Bachelors,Tech,47.0,South,F,<=50K
35.0,Some-college,Professional,35.0,Midwest,M,<=50K
45.0,Some-college,Admin,53.0,West,M,<=50K
48.0,HS,Professional,45.0,South,F,<=50K
88.0,Masters,Professional,46.0,South,F,>50K
52.0,Some-college,Sales,35.0,Northeast,F,<=50K
38.0,Bachelors,Tech,36.0,West,F,<=50K
61.0,HS,Craft,52.0,Midwest,M,<=50K
56.0,Masters,Professional,41.0,Midwest,M,>50K
43.0,HS,Admin,40.0,South,M,<=50K
66.0,Masters,Professional,54.0,West,M,>50K
73.0,Some-college,Professional,50.0,South,F,<=50K
49.0,Bachelors,Professional,43.0,South,M,<=50K
40.0,Some-college,Professional,56.0,Midwest,F,>50K
64.0,Masters,Professional,28.0,Northeast,F,>50K
59.0,Bachelors,Professional,40.0,Midwest,M,<=50K
48.0,Masters,Professional,36.0,Midwest,F,<=50K
42.0,Bachelors,Craft,53.0,South,M,<=50K
49.0,Bachelors,Professional,54.0,South,M,<=50K
60.0,Doctorate,Professional,37.0,South,M,>50K
54.0,Some-college,Professional,42.0,Midwest,F,<=50K
26.0,Masters,Professional,45.0,South,M,>50K
63.0,Bachelors,Professional,45.0,West,M,>50K
87.0,HS,Sales,40.0,South,M,<=50K
59.0,Bachelors,Professional,50.0,Midwest,F,<=50K
67.0,Bachelors,Professional,58.0,West,F,>50K
53.0,Doctorate,Professional,42.0,Midwest,M,>50K
90.0,Bachelors,Professional,28.0,West,M,<=50K
53.0,Bachelors,Professional,40.0,South,M,<=50K
79.0,Bachelors,Professional,39.0,Northeast,F,<=50K
82.0,HS,Professional,36.0,Northeast,M,<=50K
51.0,Bachelors,Professional,47.0,Midwest,M,<=50K
67.0,Some-college,Craft,47.0,West,F,<=50K
35.0,Masters,Professional,47.0,West,F,<=50K
59.0,Doctorate,Tech,45.0,South,M,>50K
35.0,Bachelors,Professional,41.0,Northeast,M,<=50K
62.0,HS,Admin,32.0,South,M,<=50K
47.0,Bachelors,Tech,38.0,West,F,<=50K
50.0,Bachelors,Professional,33.0,South,M,<=50K
41.0,Bachelors,Tech,43.0,Northeast,M,<=50K
57.0,Some-college,Professional,40.0,South,F,<=50K
65.0,Some-college,Tech,41.0,West,M,<=50K
41.0,Some-college,Service,44.0,Northeast,M,<=50K
49.0,Some-college,Tech,38.0,Midwest,F,>50K
57.0,Doctorate,Professional,50.0,West,F,>50K
45.0,Some-college,Craft,49.0,South,M,<=50K
76.0,Some-college,Professional,32.0,West,F,<=50K
90.0,Bachelors,Professional,48.0,Northeast,F,>50K
57.0,HS,Tech,38.0,South,M,>50K
52.0,Some-college,Professional,35.0,South,M,<=50K
56.0,Bachelors,Professional,38.0,South,F,<=50K
42.0,Some-college,Tech,29.0,Northeast,M,<=50K
36.0,Some-college,Sales,42.0,South,M,<=50K
43.0,Masters,Tech,50.0,West,M,<=50K
57.0,Bachelors,Professional,28.0,Midwest,F,<=50K
49.0,HS,Sales,44.0,West,F,<=50K
42.0,Some-college,Professional,45.0,South,M,<=50K
40.0,Bachelors,Tech,45.0,West,F,<=50K
53.0,Some-college,Professional,46.0,South,M,<=50K
49.0,Bachelors,Professional,44.0,West,M,>50K
66.0,Bachelors,Tech,37.0,West,F,<=50K
40.0,Bachelors,Professional,47.0,South,F,>50K
90.0,Bachelors,Professional,40.0,Midwest,F,>50K
52.0,Bachelors,Professional,48.0,Midwest,F,>50K
90.0,Some-college,Professional,40.0,Northeast,M,<=50K
48.0,Bachelors,Professional,38.0,Northeast,F,<=50K
62.0,Some-college,Service,41.0,West,M,<=50K
47.0,Doctorate,Professional,46.0,South,M,>50K
87.0,Bachelors,Tech,47.0,Midwest,M,<=50K
65.0,Bachelors,Professional,25.0,Midwest,F,<=50K
44.0,Masters,Professional,29.0,Midwest,F,<=50K
51.0,Bachelors,Tech,27.0,West,F,<=50K
65.0,Bachelors,Professional,36.0,West,F,<=50K
33.0,Some-college,Service,33.0,Midwest,F,<=50K
44.0,Some-college,Professional,42.0,West,M,<=50K
45.0,Some-college,Craft,38.0,Northeast,M,<=50K
28.0,Some-college,Professional,49.0,South,F,<=50K
58.0,Masters,Tech,36.0,Midwest,F,>50K
90.0,Some-college,Admin,31.0,West,M,<=50K
32.0,Some-college,Service,31.0,Northeast,F,<=50K
38.0,Some-college,Tech,37.0,Midwest,F,<=50K
55.0,Masters,Professional,42.0,South,M,>50K
59.0,Doctorate,Professional,37.0,Midwest,F,<=50K
59.0,Some-college,Tech,33.0,South,F,<=50K
49.0,Bachelors,Professional,29.0,South,M,>50K
46.0,Bachelors,Professional,42.0,West,M,<=50K
33.0,Some-college,Admin,34.0,West,F,<=50K
90.0,Masters,Professional,29.0,Northeast,F,>50K
78.0,Some-college,Professional,37.0,Midwest,F,<=50K
44.0,Masters,Professional,43.0,Midwest,M,<=50K
53.0,Bachelors,Professional,58.0,South,M,<=50K
50.0,Some-college,Tech,55.0,West,M,>50K
48.0,Masters,Professional,33.0,West,M,<=50K
39.0,Masters,Professional,36.0,West,F,<=50K
90.0,Masters,Tech,20.0,Midwest,M,<=50K
50.0,HS,Service,24.0,South,M,<=50K
66.0,Bachelors,Professional,25.0,West,F,<=50K
51.0,Some-college,Admin,49.0,South,M,<=50K
58.0,Bachelors,Professional,40.0,South,F,>50K
83.0,Doctorate,Professional,26.0,West,F,<=50K
55.0,HS,Craft,35.0,Midwest,F,<=50K
82.0,Bachelors,Professional,34.0,South,M,<=50K
44.0,Some-college,Professional,34.0,Midwest,F,<=50K
65.0,Masters,Professional,53.0,South,F,>50K
80.0,Bachelors,Professional,23.0,West,F,<=50K
67.0,HS,Service,37.0,Midwest,F,<=50K
44.0,Some-college,Professional,42.0,West,F,>50K
41.0,HS,Service,44.0,South,F,<=50K
48.0,Some-college,Craft,22.0,Northeast,M,<=50K
45.0,Bachelors,Professional,42.0,Northeast,F,<=50K
59.0,Some-college,Professional,30.0,South,F,<=50K
51.0,Bachelors,Tech,36.0,South,M,<=50K
43.0,HS,Tech,26.0,West,M,<=50K
38.0,Doctorate,Professional,46.0,South,M,>50K
45.0,Masters,Professional,67.0,South,M,>50K
53.0,Masters,Professional,49.0,West,M,>50K
66.0,HS,Admin,38.0,Northeast,M,<=50K
60.0,HS,Craft,26.0,South,M,<=50K
64.0,Some-college,Professional,48.0,West,F,<=50K
76.0,Bachelors,Professional,50.0,Midwest,M,<=50K
60.0,Doctorate,Professional,32.0,West,M,>50K
36.0,Masters,Professional,47.0,South,F,<=50K
50.0,Some-college,Craft,25.0,Midwest,F,<=50K
37.0,Masters,Professional,28.0,South,F,<=50K
55.0,Masters,Professional,42.0,South,M,<=50K
33.0,Bachelors,Professional,26.0,Northeast,M,<=50K
52.0,Masters,Professional,47.0,Midwest,M,>50K
55.0,Bachelors,Craft,53.0,Northeast,F,<=50K
63.0,Some-college,Professional,41.0,Northeast,F,<=50K
53.0,HS,Admin,45.0,South,M,>50K
90.0,Bachelors,Tech,51.0,South,M,>50K
47.0,Masters,Professional,45.0,Northeast,F,<=50K
67.0,HS,Tech,52.0,South,M,<=50K
47.0,HS,Professional,53.0,Northeast,M,<=50K
41.0,Bachelors,Professional,31.0,Midwest,F,<=50K
47.0,HS,Admin,59.0,South,F,<=50K
36.0,Doctorate,Professional,49.0,South,M,>50K
56.0,Some-college,Professional,42.0,Northeast,M,<=50K
33.0,Bachelors,Professional,46.0,Midwest,M,<=50K
68.0,Doctorate,Professional,44.0,South,F,<=50K
53.0,HS,Admin,43.0,South,M,<=50K
64.0,Some-college,Craft,33.0,South,M,<=50K
39.0,Doctorate,Professional,36.0,South,M,>50K
81.0,Bachelors,Professional,36.0,Midwest,F,>50K
75.0,Bachelors,Professional,50.0,West,M,>50K
70.0,Bachelors,Tech,45.0,Midwest,M,<=50K
51.0,Masters,Professional,45.0,Midwest,M,>50K
67.0,Masters,Tech,40.0,Northeast,F,>50K
53.0,Bachelors,Tech,52.0,South,M,>50K
76.0,Bachelors,Professional,19.0,South,F,>50K
33.0,Some-college,Professional,31.0,South,M,<=50K
54.0,Bachelors,Tech,49.0,South,M,>50K
78.0,Doctorate,Professional,36.0,South,F,<=50K
68.0,Bachelors,Tech,46.0,West,M,>50K
69.0,Doctorate,Professional,54.0,South,F,>50K
67.0,Some-college,Craft,48.0,West,M,<=50K
56.0,Bachelors,Craft,29.0,West,M,<=50K
41.0,Doctorate,Professional,38.0,Northeast,F,<=50K
61.0,Masters,Professional,31.0,South,M,>50K
47.0,Bachelors,Tech,45.0,South,M,<=50K
50.0,Some-college,Tech,50.0,Midwest,F,<=50K
52.0,Some-college,Professional,39.0,West,F,<=50K
54.0,Bachelors,Professional,46.0,West,M,<=50K
41.0,Bachelors,Professional,38.0,South,F,<=50K
65.0,Bachelors,Professional,58.0,Midwest,F,<=50K
57.0,HS,Service,42.0,South,F,<=50K
74.0,Some-college,Professional,42.0,West,M,<=50K
90.0,Masters,Professional,42.0,South,M,<=50K
67.0,Masters,Professional,50.0,Midwest,F,<=50K
55.0,HS,Admin,47.0,West,M,<=50K
37.0,Some-college,Professional,39.0,South,M,<=50K
53.0,HS,Service,42.0,West,F,<=50K
57.0,Some-college,Service,46.0,South,F,<=50K
58.0,Doctorate,Professional,46.0,West,M,>50K
54.0,Bachelors,Professional,38.0,Midwest,F,>50K
46.0,Some-college,Admin,36.0,Northeast,M,<=50K
70.0,Some-college,Professional,39.0,West,F,<=50K
56.0,HS,Admin,45.0,South,F,<=50K
72.0,HS,Admin,37.0,Midwest,M,<=50K
44.0,Bachelors,Professional,31.0,Midwest,F,<=50K
59.0,Some-college,Tech,39.0,South,F,<=50K
75.0,Doctorate,Professional,36.0,West,F,>50K
76.0,HS,Admin,45.0,Midwest,M,<=50K
39.0,Bachelors,Craft,35.0,West,M,<=50K
52.0,Masters,Professional,38.0,Midwest,F,>50K
49.0,HS,Craft,57.0,West,F,<=50K
76.0,Masters,Tech,44.0,Midwest,F,<=50K
60.0,HS,Admin,33.0,South,M,<=50K
45.0,Bachelors,Professional,51.0,South,F,<=50K
53.0,Masters,Tech,38.0,West,F,>50K
47.0,Bachelors,Tech,34.0,West,M,<=50K
54.0,Bachelors,Craft,47.0,South,M,<=50K
48.0,Some-college,Tech,29.0,West,F,<=50K
57.0,Bachelors,Professional,41.0,Midwest,F,<=50K
76.0,Masters,Admin,45.0,Midwest,M,<=50K
90.0,Bachelors,Professional,44.0,South,M,<=50K
68.0,Bachelors,Professional,37.0,Northeast,F,<=50K
90.0,Masters,Tech,33.0,Midwest,M,<=50K
31.0,Bachelors,Professional,38.0,South,M,<=50K
65.0,HS,Sales,52.0,Northeast,M,<=50K
66.0,Bachelors,Tech,26.0,Northeast,F,<=50K
61.0,Some-college,Professional,48.0,South,F,<=50K
53.0,Bachelors,Tech,44.0,South,F,<=50K
29.0,Masters,Professional,50.0,Northeast,M,<=50K
40.0,Bachelors,Professional,30.0,South,M,<=50K
50.0,Masters,Professional,51.0,South,F,<=50K
60.0,Some-college,Professional,34.0,South,F,<=50K
41.0,Some-college,Professional,43.0,Northeast,M,<=50K
53.0,Some-college,Service,38.0,Midwest,M,<=50K
51.0,Bachelors,Professional,20.0,West,F,<=50K
52.0,Bachelors,Professional,41.0,Northeast,F,<=50K
54.0,Bachelors,Sales,45.0,West,F,>50K
63.0,HS,Craft,49.0,West,F,<=50K
49.0,Bachelors,Professional,36.0,Midwest,M,<=50K
51.0,Some-college,Professional,31.0,Midwest,M,<=50K
42.0,Bachelors,Professional,46.0,West,M,<=50K
48.0,Some-college,Tech,38.0,West,F,<=50K
42.0,Masters,Tech,49.0,West,M,<=50K
60.0,Bachelors,Professional,54.0,South,M,>50K
90.0,HS,Sales,36.0,South,M,<=50K
89.0,Bachelors,Professional,36.0,Midwest,F,<=50K
45.0,HS,Sales,34.0,Northeast,M,<=50K
61.0,Masters,Professional,24.0,South,F,<=50K
55.0,Masters,Professional,41.0,South,F,<=50K
32.0,Some-college,Tech,45.0,South,F,>50K
29.0,Bachelors,Professional,47.0,Midwest,M,<=50K
44.0,HS,Tech,40.0,South,F,<=50K
51.0,HS,Service,57.0,South,F,<=50K
36.0,Some-college,Tech,35.0,South,F,<=50K
40.0,Some-college,Tech,40.0,Northeast,F,>50K
41.0,HS,Craft,36.0,West,M,<=50K
40.0,Bachelors,Professional,36.0,South,F,>50K
36.0,Bachelors,Professional,37.0,South,F,<=50K
49.0,Bachelors,Tech,35.0,Northeast,M,<=50K
63.0,Doctorate,Professional,38.0,South,F,>50K
57.0,Masters,Professional,44.0,South,M,>50K
41.0,Some-college,Tech,41.0,South,M,<=50K
50.0,Bachelors,Professional,32.0,South,M,<=50K
53.0,Bachelors,Admin,46.0,West,F,<=50K
31.0,HS,Craft,31.0,West,F,<=50K
69.0,Masters,Professional,45.0,Northeast,F,>50K
43.0,Masters,Professional,41.0,Northeast,M,<=50K
36.0,Some-college,Admin,23.0,Midwest,M,<=50K
90.0,Some-college,Professional,29.0,South,M,<=50K
39.0,Doctorate,Professional,48.0,Northeast,F,<=50K
48.0,Masters,Professional,36.0,Midwest,M,<=50K
43.0,Masters,Professional,35.0,Midwest,F,<=50K
69.0,Doctorate,Professional,37.0,South,M,>50K
48.0,Masters,Professional,42.0,West,M,>50K
35.0,Bachelors,Professional,44.0,South,M,<=50K
29.0,Bachelors,Professional,35.0,South,M,<=50K
45.0,Some-college,Service,55.0,South,F,<=50K
90.0,Masters,Professional,33.0,South,M,<=50K
39.0,HS,Tech,36.0,South,M,<=50K
75.0,Bachelors,Professional,39.0,South,M,<=50K
41.0,Bachelors,Craft,42.0,South,F,<=50K
34.0,HS,Service,52.0,West,M,<=50K
28.0,Doctorate,Professional,58.0,Midwest,M,>50K
50.0,HS,Craft,38.0,Midwest,M,<=50K
56.0,Masters,Professional,40.0,Northeast,M,>50K
51.0,Some-college,Craft,47.0,Midwest,F,>50K
30.0,Bachelors,Professional,37.0,South,F,<=50K
44.0,Some-college,Service,48.0,West,M,<=50K
57.0,Doctorate,Professional,32.0,South,M,<=50K
45.0,Masters,Professional,48.0,South,M,>50K
60.0,Doctorate,Professional,23.0,South,F,>50K
36.0,Bachelors,Tech,44.0,South,F,<=50K
90.0,Masters,Professional,43.0,South,F,>50K
38.0,Bachelors,Tech,61.0,Northeast,F,>50K
51.0,Some-college,Craft,33.0,Northeast,F,<=50K
51.0,Bachelors,Professional,47.0,West,F,<=50K
67.0,Bachelors,Professional,47.0,South,F,<=50K
47.0,Bachelors,Tech,33.0,Northeast,F,>50K
53.0,HS,Craft,44.0,South,F,>50K
51.0,Some-college,Professional,34.0,West,F,<=50K
60.0,Masters,Professional,32.0,West,M,>50K
60.0,Some-college,Craft,29.0,West,F,<=50K
52.0,Bachelors,Professional,39.0,South,F,<=50K
67.0,Bachelors,Professional,32.0,Northeast,F,<=50K
79.0,Some-college,Professional,22.0,West,M,<=50K
43.0,Some-college,Professional,43.0,West,F,<=50K
44.0,Some-college,Professional,26.0,Northeast,M,<=50K
44.0,Some-college,Admin,47.0,Midwest,F,<=50K
43.0,Some-college,Craft,43.0,Midwest,F,<=50K
44.0,Masters,Tech,33.0,Midwest,F,>50K
53.0,Some-college,Professional,28.0,West,F,>50K
65.0,HS,Professional,33.0,Midwest,M,<=50K
43.0,Bachelors,Professional,29.0,Northeast,M,<=50K
59.0,Some-college,Professional,38.0,South,M,<=50K
46.0,Bachelors,Tech,38.0,South,F,<=50K
90.0,Doctorate,Professional,59.0,West,F,>50K
56.0,Masters,Tech,23.0,South,M,<=50K
64.0,Masters,Professional,36.0,West,F,<=50K
40.0,Masters,Tech,45.0,South,M,<=50K
41.0,Bachelors,Admin,49.0,South,M,<=50K
55.0,Masters,Tech,53.0,West,M,<=50K
42.0,Some-college,Tech,32.0,Midwest,F,<=50K
51.0,Some-college,Craft,48.0,Midwest,M,<=50K
73.0,Some-college,Sales,16.0,West,F,<=50K
43.0,Masters,Professional,38.0,West,F,<=50K
41.0,Masters,Professional,48.0,West,M,<=50K
55.0,Some-college,Professional,48.0,South,F,<=50K
48.0,Masters,Professional,29.0,West,M,<=50K
62.0,Bachelors,Professional,34.0,West,F,<=50K
50.0,Masters,Professional,22.0,South,F,<=50K
39.0,Some-college,Tech,33.0,South,F,<=50K
29.0,Masters,Professional,26.0,South,F,<=50K
57.0,Bachelors,Professional,44.0,Midwest,F,<=50K
43.0,Some-college,Service,34.0,Midwest,M,<=50K
54.0,Bachelors,Professional,47.0,West,M,<=50K
32.0,Bachelors,Tech,38.0,Northeast,F,<=50K
42.0,Some-college,Professional,37.0,West,M,<=50K
57.0,HS,Professional,57.0,Midwest,M,<=50K
70.0,Doctorate,Professional,51.0,South,M,>50K
70.0,Bachelors,Professional,29.0,Midwest,F,<=50K
74.0,HS,Craft,52.0,West,M,<=50K
52.0,HS,Professional,48.0,South,F,<=50K
68.0,HS,Sales,53.0,Midwest,F,<=50K
57.0,Some-college,Professional,45.0,South,M,<=50K
48.0,Masters,Professional,25.0,South,F,<=50K
46.0,HS,Craft,37.0,South,F,<=50K
42.0,Some-college,Craft,19.0,Northeast,M,<=50K
69.0,HS,Admin,29.0,West,M,<=50K
53.0,Masters,Professional,35.0,South,M,<=50K
42.0,Bachelors,Professional,51.0,South,F,>50K
50.0,Bachelors,Professional,41.0,Midwest,F,<=50K
88.0,Doctorate,Tech,40.0,South,M,>50K
35.0,Masters,Professional,46.0,South,M,<=50K
36.0,Masters,Professional,31.0,Midwest,M,>50K
78.0,Some-college,Professional,50.0,South,M,<=50K
35.0,HS,Craft,41.0,West,F,<=50K
77.0,Some-college,Professional,32.0,Midwest,F,<=50K
44.0,HS,Admin,36.0,South,M,>50K
58.0,Doctorate,Professional,39.0,Midwest,F,>50K
75.0,Bachelors,Professional,46.0,South,M,<=50K
75.0,Bachelors,Professional,53.0,South,F,>50K
65.0,Bachelors,Professional,38.0,West,M,>50K
52.0,Doctorate,Professional,39.0,Northeast,M,>50K
48.0,Some-college,Tech,57.0,Midwest,M,>50K
49.0,Masters,Professional,69.0,West,F,<=50K
81.0,Bachelors,Tech,55.0,South,M,<=50K
57.0,Bachelors,Professional,43.0,South,M,<=50K
73.0,HS,Craft,37.0,South,M,<=50K
27.0,Masters,Professional,43.0,Northeast,F,>50K
47.0,Some-college,Tech,43.0,Northeast,F,<=50K
57.0,Some-college,Professional,34.0,West,F,<=50K
47.0,Bachelors,Tech,53.0,West,F,<=50K
90.0,Bachelors,Professional,60.0,South,M,<=50K
38.0,Masters,Tech,32.0,South,F,<=50K
61.0,Some-college,Craft,34.0,Midwest,F,<=50K
67.0,Bachelors,Professional,37.0,South,F,<=50K
41.0,Bachelors,Tech,29.0,Midwest,M,<=50K
67.0,Bachelors,Professional,48.0,Midwest,M,<=50K
59.0,Masters,Professional,29.0,West,M,<=50K
90.0,Bachelors,Tech,43.0,South,F,>50K
80.0,Masters,Professional,43.0,South,F,<=50K
52.0,Some-college,Professional,48.0,Northeast,M,<=50K
69.0,HS,Craft,28.0,Midwest,F,<=50K
59.0,Bachelors,Professional,43.0,Midwest,M,<=50K
46.0,Masters,Tech,43.0,South,F,<=50K
64.0,Some-college,Professional,49.0,Northeast,M,<=50K
61.0,Some-college,Admin,45.0,West,M,<=50K
83.0,Bachelors,Tech,34.0,West,F,>50K
35.0,Bachelors,Admin,49.0,West,F,<=50K
36.0,Some-college,Tech,51.0,South,F,<=50K
42.0,Bachelors,Admin,52.0,South,M,<=50K
64.0,HS,Service,35.0,Midwest,F,<=50K
72.0,Doctorate,Professional,45.0,Midwest,M,<=50K
51.0,Bachelors,Professional,33.0,West,F,<=50K
57.0,Some-college,Admin,40.0,West,F,<=50K
53.0,Masters,Professional,48.0,West,M,>50K
33.0,Bachelors,Professional,26.0,South,M,<=50K
42.0,Masters,Professional,65.0,South,M,>50K
68.0,Some-college,Professional,52.0,West,M,<=50K
67.0,Doctorate,Professional,34.0,South,M,>50K
74.0,Bachelors,Professional,35.0,Midwest,F,<=50K
64.0,HS,Sales,41.0,Midwest,F,<=50K
27.0,Bachelors,Professional,36.0,West,M,<=50K
57.0,Some-college,Professional,31.0,Midwest,F,<=50K
58.0,Some-college,Professional,40.0,Northeast,F,>50K
36.0,Some-college,Sales,26.0,South,F,<=50K
89.0,HS,Service,32.0,Northeast,F,<=50K
51.0,Bachelors,Tech,57.0,South,F,<=50K
69.0,Bachelors,Professional,40.0,Midwest,M,<=50K
66.0,Bachelors,Craft,38.0,Midwest,M,<=50K
63.0,Masters,Craft,55.0,South,F,<=50K
79.0,Bachelors,Professional,43.0,Midwest,M,<=50K
51.0,Some-college,Admin,47.0,West,M,<=50K
69.0,Some-college,Tech,36.0,West,F,<=50K
60.0,Bachelors,Professional,51.0,West,M,<=50K
37.0,Masters,Professional,37.0,Midwest,M,<=50K
44.0,Some-college,Sales,48.0,Midwest,M,<=50K
38.0,HS,Admin,45.0,Midwest,F,<=50K
34.0,Masters,Professional,54.0,South,F,<=50K
61.0,Bachelors,Tech,50.0,Midwest,M,<=50K
35.0,Bachelors,Tech,39.0,South,F,<=50K
70.0,Doctorate,Professional,31.0,South,M,<=50K
49.0,HS,Service,38.0,South,M,<=50K
49.0,Bachelors,Professional,35.0,South,F,>50K
37.0,HS,Service,53.0,West,M,<=50K
59.0,Bachelors,Tech,37.0,Midwest,F,<=50K
41.0,Bachelors,Professional,20.0,West,M,<=50K
64.0,Masters,Professional,45.0,South,F,>50K
64.0,HS,Service,48.0,Midwest,F,<=50K
33.0,Bachelors,Professional,30.0,South,F,<=50K
61.0,Masters,Professional,48.0,Midwest,M,<=50K
30.0,Some-college,Craft,26.0,Midwest,F,<=50K
67.0,Doctorate,Professional,43.0,Northeast,F,<=50K
29.0,Some-college,Tech,36.0,West,F,>50K
39.0,Some-college,Admin,43.0,Midwest,F,>50K
76.0,Masters,Tech,44.0,West,M,<=50K
56.0,HS,Professional,35.0,West,M,<=50K
64.0,Doctorate,Professional,48.0,West,M,>50K
27.0,Masters,Professional,33.0,Midwest,M,<=50K
66.0,Some-college,Professional,42.0,Northeast,M,>50K
41.0,Bachelors,Tech,53.0,West,M,<=50K
84.0,Masters,Professional,31.0,West,F,<=50K
54.0,Doctorate,Tech,42.0,West,F,<=50K
51.0,Some-college,Professional,55.0,South,F,<=50K
33.0,HS,Service,50.0,West,F,<=50K
41.0,HS,Service,34.0,Midwest,M,<=50K
52.0,Some-college,Professional,36.0,Northeast,M,<=50K
78.0,HS,Service,45.0,Midwest,M,<=50K
76.0,Bachelors,Professional,34.0,West,F,>50K
49.0,Bachelors,Professional,42.0,South,F,>50K
38.0,Some-college,Tech,27.0,Northeast,F,<=50K
37.0,Some-college,Admin,45.0,Midwest,M,<=50K
85.0,Doctorate,Professional,24.0,South,F,<=50K
57.0,Bachelors,Professional,43.0,West,F,<=50K
39.0,Bachelors,Professional,46.0,West,F,<=50K
81.0,Masters,Professional,33.0,Midwest,M,<=50K
62.0,HS,Sales,27.0,Midwest,F,<=50K
66.0,Some-college,Service,30.0,West,M,<=50K
68.0,Doctorate,Professional,24.0,South,F,>50K
58.0,Bachelors,Professional,57.0,South,M,>50K
46.0,Some-college,Tech,23.0,South,F,<=50K
33.0,Some-college,Professional,27.0,West,F,<=50K
36.0,Some-college,Professional,42.0,Midwest,M,<=50K
41.0,HS,Craft,41.0,Northeast,M,<=50K
61.0,Some-college,Admin,51.0,West,F,<=50K
43.0,Bachelors,Professional,52.0,Northeast,M,<=50K
67.0,Bachelors,Tech,45.0,Northeast,M,>50K
69.0,Masters,Professional,40.0,West,M,>50K
81.0,HS,Sales,34.0,South,F,<=50K
82.0,HS,Sales,38.0,West,F,<=50K
84.0,Masters,Professional,47.0,South,M,<=50K
57.0,Some-college,Professional,47.0,South,F,<=50K
55.0,Masters,Professional,47.0,South,M,>50K
44.0,Bachelors,Professional,25.0,South,F,<=50K
57.0,HS,Craft,34.0,Midwest,M,<=50K
55.0,Bachelors,Professional,35.0,Northeast,M,<=50K
44.0,Some-college,Craft,36.0,South,F,<=50K
31.0,Bachelors,Professional,29.0,South,M,<=50K
78.0,Masters,Professional,46.0,South,M,>50K
63.0,Doctorate,Tech,51.0,Northeast,F,<=50K
40.0,Bachelors,Professional,56.0,Midwest,M,<=50K
46.0,Bachelors,Professional,36.0,Northeast,M,<=50K
67.0,Bachelors,Tech,40.0,Northeast,F,>50K
46.0,Masters,Professional,42.0,Midwest,M,<=50K
58.0,HS,Tech,41.0,Northeast,F,<=50K
72.0,Bachelors,Professional,33.0,Midwest,M,<=50K
68.0,Bachelors,Professional,48.0,South,F,<=50K
51.0,Bachelors,Professional,23.0,South,M,<=50K
42.0,Some-college,Craft,36.0,Midwest,F,<=50K
48.0,Masters,Professional,24.0,Northeast,M,<=50K
67.0,Masters,Professional,47.0,West,F,<=50K
51.0,Bachelors,Professional,29.0,West,M,<=50K
86.0,Bachelors,Professional,28.0,Midwest,F,>50K
89.0,Bachelors,Craft,38.0,South,M,<=50K
82.0,Bachelors,Tech,30.0,Northeast,M,<=50K
66.0,Masters,Professional,43.0,South,M,<=50K
38.0,Masters,Tech,36.0,Midwest,M,>50K
87.0,Bachelors,Tech,56.0,South,F,>50K
67.0,Some-college,Tech,30.0,West,M,<=50K
44.0,Some-college,Tech,33.0,South,F,<=50K
42.0,Masters,Tech,45.0,Midwest,F,<=50K
45.0,Bachelors,Professional,42.0,West,M,<=50K
56.0,Bachelors,Craft,45.0,Midwest,M,<=50K
36.0,Bachelors,Tech,37.0,South,M,<=50K
75.0,Bachelors,Professional,49.0,Midwest,M,>50K
48.0,Bachelors,Professional,44.0,West,M,>50K
63.0,Some-college,Professional,53.0,Northeast,M,>50K
33.0,Some-college,Admin,27.0,Midwest,M,<=50K
90.0,Bachelors,Professional,40.0,South,F,>50K
72.0,Bachelors,Professional,39.0,Northeast,F,>50K
52.0,Some-college,Professional,45.0,South,F,<=50K
38.0,Some-college,Tech,31.0,Midwest,M,<=50K
82.0,Doctorate,Professional,46.0,West,M,>50K
48.0,Some-college,Sales,29.0,Midwest,M,<=50K
47.0,Bachelors,Tech,49.0,South,M,<=50K
41.0,Some-college,Professional,45.0,South,F,<=50K
37.0,Some-college,Sales,23.0,West,F,<=50K
52.0,HS,Professional,45.0,Midwest,M,<=50K
54.0,Some-college,Tech,24.0,Northeast,F,<=50K
47.0,Some-college,Tech,46.0,West,M,<=50K
39.0,Masters,Professional,25.0,Midwest,M,<=50K
82.0,Some-college,Tech,39.0,West,M,>50K
84.0,Bachelors,Professional,36.0,Midwest,M,>50K
42.0,Bachelors,Professional,26.0,Midwest,M,<=50K
77.0,Bachelors,Tech,23.0,Midwest,M,<=50K
54.0,Bachelors,Professional,46.0,West,M,<=50K
52.0,Masters,Professional,37.0,Northeast,M,<=50K
90.0,HS,Craft,47.0,South,M,<=50K
90.0,Bachelors,Professional,37.0,South,M,>50K
47.0,Some-college,Tech,66.0,South,F,<=50K
65.0,Masters,Tech,43.0,West,M,<=50K
44.0,Bachelors,Professional,56.0,Northeast,M,<=50K
33.0,Bachelors,Professional,42.0,South,F,>50K
68.0,Doctorate,Professional,42.0,South,M,<=50K
60.0,Some-college,Professional,46.0,Midwest,M,<=50K
65.0,Bachelors,Professional,34.0,Northeast,F,<=50K
90.0,Masters,Professional,32.0,West,F,>50K
48.0,Some-college,Tech,56.0,South,F,>50K
61.0,Masters,Professional,40.0,West,M,>50K
55.0,Masters,Professional,31.0,South,F,<=50K
31.0,Masters,Professional,43.0,South,M,>50K
50.0,Bachelors,Professional,34.0,South,M,<=50K
33.0,Some-college,Professional,40.0,West,F,<=50K
53.0,Some-college,Craft,52.0,Midwest,M,<=50K
39.0,Some-college,Professional,52.0,West,M,>50K
38.0,HS,Admin,56.0,Midwest,M,<=50K
79.0,Bachelors,Tech,51.0,South,M,<=50K
46.0,Masters,Professional,47.0,South,M,<=50K
48.0,Bachelors,Tech,46.0,Northeast,M,>50K
57.0,Some-college,Tech,44.0,Midwest,F,<=50K
29.0,Bachelors,Professional,38.0,Midwest,M,<=50K
40.0,Bachelors,Tech,61.0,Midwest,M,<=50K
42.0,Bachelors,Professional,40.0,Northeast,F,<=50K
59.0,Doctorate,Professional,57.0,South,M,<=50K
56.0,Some-college,Craft,41.0,West,F,<=50K
43.0,Bachelors,Professional,52.0,Midwest,M,<=50K
86.0,Masters,Professional,13.0,Northeast,M,>50K
45.0,Bachelors,Professional,42.0,South,F,<=50K
41.0,Some-college,Professional,35.0,South,M,<=50K
58.0,Some-college,Tech,56.0,Northeast,M,<=50K
42.0,Some-college,Craft,54.0,West,M,<=50K
74.0,Masters,Tech,35.0,South,F,<=50K
57.0,Masters,Professional,41.0,West,F,>50K
42.0,Some-college,Tech,49.0,Northeast,M,<=50K
90.0,Masters,Professional,41.0,South,M,>50K
46.0,Bachelors,Tech,42.0,South,M,<=50K
51.0,Masters,Professional,50.0,South,M,>50K
57.0,Bachelors,Professional,30.0,West,F,>50K
57.0,Bachelors,Professional,56.0,West,M,>50K
58.0,Masters,Professional,46.0,West,F,<=50K
36.0,HS,Admin,14.0,Midwest,M,<=50K
53.0,Bachelors,Professional,34.0,South,F,<=50K
30.0,HS,Admin,38.0,South,F,>50K
48.0,HS,Tech,62.0,Northeast,M,<=50K
50.0,Some-college,Tech,42.0,South,F,<=50K
60.0,HS,Service,28.0,South,F,<=50K
41.0,Bachelors,Professional,53.0,Northeast,M,>50K
56.0,Masters,Professional,46.0,South,M,>50K
46.0,Some-college,Admin,41.0,South,F,<=50K
53.0,Bachelors,Professional,52.0,South,M,<=50K
40.0,Some-college,Professional,37.0,Northeast,F,<=50K
68.0,Bachelors,Tech,41.0,South,F,<=50K
67.0,Bachelors,Professional,51.0,Midwest,M,<=50K
33.0,Bachelors,Craft,44.0,South,M,<=50K
48.0,Some-college,Tech,51.0,West,F,<=50K
46.0,Some-college,Tech,38.0,South,F,<=50K
30.0,Some-college,Professional,54.0,South,F,<=50K
36.0,Bachelors,Professional,27.0,West,M,<=50K
48.0,Some-college,Craft,29.0,Northeast,M,<=50K
36.0,Masters,Professional,45.0,Northeast,M,>50K
54.0,Bachelors,Professional,40.0,West,F,<=50K
63.0,Masters,Tech,44.0,Midwest,M,<=50K
43.0,HS,Craft,42.0,South,M,<=50K
61.0,Some-college,Admin,41.0,Northeast,M,<=50K
77.0,Masters,Professional,32.0,Northeast,F,<=50K
43.0,Bachelors,Professional,44.0,South,F,<=50K
72.0,Bachelors,Sales,54.0,South,M,<=50K
73.0,Doctorate,Professional,34.0,South,M,<=50K
76.0,Bachelors,Tech,58.0,South,M,<=50K
52.0,Bachelors,Craft,56.0,West,F,<=50K
56.0,Some-college,Tech,35.0,Northeast,F,>50K
41.0,Masters,Professional,49.0,South,M,>50K
67.0,Masters,Professional,32.0,South,M,<=50K
65.0,Bachelors,Professional,41.0,Northeast,F,>50K
58.0,HS,Admin,33.0,West,M,<=50K
52.0,Bachelors,Professional,38.0,South,M,<=50K
43.0,Some-college,Admin,25.0,South,F,<=50K
28.0,Bachelors,Professional,37.0,South,F,<=50K
45.0,Masters,Professional,32.0,Midwest,M,<=50K
32.0,Some-college,Craft,32.0,South,F,<=50K
50.0,Bachelors,Professional,24.0,Northeast,M,<=50K
41.0,Masters,Professional,42.0,Northeast,F,<=50K
90.0,Bachelors,Professional,56.0,Midwest,F,<=50K
44.0,Some-college,Tech,38.0,South,M,<=50K
40.0,HS,Service,40.0,Midwest,F,<=50K
87.0,Some-college,Professional,29.0,South,M,<=50K
33.0,HS,Service,36.0,West,F,<=50K
74.0,Masters,Tech,34.0,Northeast,F,>50K
75.0,Bachelors,Professional,27.0,South,M,>50K
51.0,HS,Professional,34.0,South,M,<=50K
36.0,Bachelors,Professional,36.0,South,M,<=50K
44.0,HS,Sales,44.0,West,M,<=50K
55.0,HS,Tech,39.0,West,M,<=50K
68.0,Masters,Tech,45.0,West,F,<=50K
62.0,Masters,Professional,54.0,Northeast,M,>50K
60.0,HS,Admin,51.0,West,M,<=50K
47.0,Some-college,Professional,38.0,West,M,<=50K
72.0,Bachelors,Professional,26.0,West,M,<=50K
39.0,Some-college,Professional,39.0,West,M,>50K
43.0,Some-college,Tech,42.0,West,M,<=50K
56.0,Some-college,Tech,51.0,South,M,>50K
66.0,Bachelors,Professional,43.0,West,M,<=50K
60.0,Some-college,Craft,67.0,South,M,<=50K
61.0,Bachelors,Professional,39.0,Northeast,M,<=50K
46.0,Some-college,Craft,48.0,Midwest,F,<=50K
70.0,Some-college,Tech,34.0,Northeast,F,<=50K
30.0,Bachelors,Craft,30.0,West,M,<=50K
44.0,HS,Tech,39.0,Northeast,F,<=50K
36.0,Masters,Professional,42.0,South,M,>50K
39.0,HS,Tech,47.0,South,M,<=50K
60.0,Bachelors,Tech,14.0,South,F,<=50K
67.0,Bachelors,Professional,52.0,West,M,<=50K
40.0,Bachelors,Professional,54.0,Midwest,F,<=50K
53.0,Bachelors,Professional,54.0,Midwest,F,>50K
90.0,Doctorate,Professional,46.0,Midwest,F,>50K
58.0,Some-college,Admin,41.0,West,M,<=50K
80.0,Bachelors,Professional,45.0,South,M,<=50K
72.0,Bachelors,Professional,53.0,South,M,<=50K
74.0,Some-college,Tech,33.0,South,F,<=50K
49.0,Some-college,Professional,48.0,South,M,<=50K
59.0,Masters,Professional,47.0,Northeast,F,<=50K
90.0,Some-college,Professional,37.0,South,F,>50K
43.0,Some-college,Tech,57.0,West,M,<=50K
38.0,Some-college,Admin,34.0,Midwest,F,<=50K
76.0,Bachelors,Craft,32.0,South,M,<=50K
45.0,Bachelors,Professional,41.0,South,F,<=50K
54.0,Bachelors,Tech,36.0,Northeast,F,<=50K
63.0,Bachelors,Professional,54.0,South,M,<=50K
48.0,Bachelors,Professional,27.0,South,M,<=50K
50.0,Bachelors,Professional,30.0,West,F,<=50K
38.0,Masters,Professional,43.0,South,F,<=50K
51.0,Some-college,Craft,49.0,Northeast,M,<=50K
36.0,Masters,Professional,29.0,South,F,<=50K
60.0,Some-college,Professional,54.0,West,M,<=50K
55.0,Masters,Professional,25.0,South,M,<=50K
72.0,Bachelors,Professional,51.0,South,M,>50K
49.0,Some-college,Professional,34.0,Northeast,F,<=50K
72.0,HS,Admin,37.0,West,F,<=50K
74.0,Doctorate,Admin,57.0,Midwest,F,>50K
76.0,Some-college,Professional,40.0,Northeast,F,<=50K
66.0,Some-college,Tech,36.0,West,F,<=50K
60.0,Masters,Tech,44.0,Midwest,F,<=50K
57.0,Bachelors,Professional,59.0,West,F,<=50K
46.0,Doctorate,Professional,42.0,Midwest,F,>50K
52.0,Doctorate,Professional,35.0,Midwest,F,>50K
52.0,Masters,Tech,44.0,West,M,<=50K
90.0,Bachelors,Professional,27.0,Northeast,M,<=50K
37.0,Bachelors,Professional,34.0,South,F,<=50K
49.0,HS,Sales,36.0,South,F,<=50K
57.0,Bachelors,Professional,48.0,West,M,>50K
40.0,Bachelors,Professional,36.0,South,M,<=50K
65.0,Some-college,Craft,46.0,South,M,<=50K
44.0,Bachelors,Professional,51.0,Midwest,F,>50K
59.0,HS,Sales,56.0,Midwest,M,<=50K
54.0,Masters,Professional,27.0,Midwest,F,<=50K
28.0,Masters,Professional,38.0,South,F,<=50K
63.0,HS,Tech,31.0,Northeast,M,<=50K
37.0,Bachelors,Professional,46.0,West,F,<=50K
58.0,Doctorate,Professional,44.0,West,M,<=50K
80.0,Masters,Professional,40.0,Midwest,M,<=50K
68.0,Some-college,Professional,37.0,South,M,>50K
53.0,Some-college,Professional,33.0,West,M,<=50K
54.0,Masters,Professional,27.0,West,F,<=50K
56.0,Doctorate,Professional,51.0,South,F,>50K
50.0,Some-college,Professional,40.0,Northeast,M,>50K
42.0,Bachelors,Tech,41.0,South,M,<=50K
53.0,Some-college,Tech,45.0,Midwest,M,<=50K
52.0,Some-college,Service,49.0,Northeast,F,<=50K
90.0,Masters,Professional,55.0,Northeast,M,>50K
61.0,Bachelors,Professional,40.0,South,F,<=50K
90.0,Some-college,Admin,44.0,South,F,>50K
53.0,Doctorate,Professional,27.0,Northeast,M,<=50K
59.0,Bachelors,Tech,38.0,Midwest,M,<=50K
54.0,Bachelors,Professional,35.0,Northeast,M,>50K
42.0,Masters,Professional,35.0,South,M,<=50K
40.0,Bachelors,Professional,51.0,South,F,<=50K
49.0,Some-college,Tech,42.0,Midwest,M,>50K
70.0,Masters,Professional,42.0,South,F,>50K
39.0,HS,Tech,41.0,South,M,<=50K
36.0,Bachelors,Professional,38.0,West,M,<=50K
52.0,Masters,Tech,40.0,West,M,<=50K
44.0,Bachelors,Professional,35.0,West,F,<=50K
43.0,Some-college,Professional,36.0,South,M,<=50K
83.0,Bachelors,Tech,36.0,West,M,<=50K
52.0,HS,Admin,40.0,South,F,<=50K
62.0,Bachelors,Professional,25.0,South,F,<=50K
52.0,Bachelors,Tech,42.0,Northeast,F,<=50K
66.0,Masters,Professional,41.0,South,F,>50K
51.0,Bachelors,Professional,45.0,South,M,>50K
50.0,Some-college,Admin,32.0,West,M,<=50K
64.0,Some-college,Craft,33.0,Northeast,F,<=50K
52.0,Bachelors,Admin,49.0,West,M,<=50K
76.0,Bachelors,Craft,34.0,Midwest,F,<=50K
43.0,Masters,Professional,45.0,Northeast,M,<=50K
80.0,Bachelors,Professional,34.0,Northeast,F,>50K
38.0,Some-college,Professional,29.0,Midwest,M,<=50K
47.0,Bachelors,Tech,28.0,West,M,<=50K
54.0,Some-college,Professional,36.0,South,M,<=50K
38.0,Some-college,Admin,36.0,Northeast,M,<=50K
44.0,HS,Sales,30.0,South,F,<=50K
64.0,HS,Service,54.0,South,F,<=50K
49.0,HS,Professional,42.0,South,F,<=50K
42.0,Bachelors,Professional,33.0,South,F,<=50K
65.0,Bachelors,Tech,55.0,Midwest,M,>50K
54.0,Bachelors,Professional,49.0,South,F,<=50K
62.0,Masters,Professional,35.0,South,F,<=50K
79.0,Some-college,Professional,31.0,Northeast,M,<=50K
52.0,Masters,Professional,40.0,South,F,>50K
58.0,Bachelors,Craft,48.0,South,F,>50K
90.0,Some-college,Professional,25.0,West,M,<=50K
30.0,Masters,Professional,49.0,South,M,<=50K
56.0,HS,Sales,38.0,West,M,<=50K
42.0,HS,Admin,48.0,Midwest,M,<=50K
59.0,Bachelors,Tech,41.0,South,F,<=50K
42.0,Bachelors,Professional,45.0,Northeast,M,<=50K
46.0,Some-college,Professional,47.0,South,F,>50K
36.0,HS,Service,51.0,Northeast,F,<=50K
65.0,Bachelors,Tech,35.0,South,M,<=50K
53.0,Bachelors,Professional,59.0,South,M,>50K
48.0,Doctorate,Professional,30.0,Northeast,M,<=50K
39.0,Masters,Professional,43.0,South,F,<=50K
74.0,Bachelors,Professional,47.0,Midwest,M,<=50K
33.0,HS,Professional,39.0,West,M,<=50K
71.0,Bachelors,Professional,49.0,South,F,>50K
59.0,Some-college,Professional,28.0,South,F,<=50K
45.0,Bachelors,Professional,41.0,Northeast,M,<=50K
54.0,Bachelors,Professional,51.0,South,M,<=50K
35.0,Some-college,Tech,40.0,Midwest,M,<=50K
78.0,Bachelors,Professional,31.0,West,M,<=50K
37.0,Some-college,Professional,41.0,West,M,>50K
45.0,Some-college,Craft,43.0,Northeast,M,<=50K
68.0,Doctorate,Tech,33.0,Midwest,M,>50K
47.0,Bachelors,Professional,53.0,Northeast,M,>50K
56.0,Some-college,Service,37.0,West,F,<=50K
55.0,Some-college,Professional,33.0,South,M,<=50K
43.0,Bachelors,Professional,42.0,Northeast,M,<=50K
46.0,Bachelors,Tech,36.0,South,M,<=50K
86.0,Masters,Professional,37.0,South,M,>50K
68.0,Doctorate,Professional,44.0,Northeast,M,>50K
62.0,Bachelors,Professional,38.0,Midwest,F,<=50K
54.0,Some-college,Professional,47.0,Midwest,F,>50K
41.0,Doctorate,Tech,43.0,Northeast,F,>50K
36.0,Masters,Professional,51.0,Northeast,F,>50K
62.0,Masters,Professional,33.0,South,F,>50K
44.0,Masters,Professional,42.0,Northeast,M,<=50K
49.0,HS,Service,44.0,South,M,<=50K
38.0,Some-college,Tech,43.0,South,M,<=50K
33.0,Some-college,Tech,21.0,Northeast,F,<=50K
54.0,Masters,Professional,32.0,South,M,<=50K
40.0,HS,Service,44.0,West,F,<=50K
90.0,Bachelors,Professional,43.0,West,F,<=50K
84.0,Doctorate,Professional,40.0,West,F,>50K
48.0,Bachelors,Professional,43.0,South,F,<=50K
72.0,Bachelors,Tech,52.0,Northeast,M,>50K
41.0,Doctorate,Professional,38.0,Northeast,F,<=50K
73.0,Some-college,Professional,34.0,West,F,<=50K
90.0,Masters,Professional,51.0,South,M,>50K
63.0,Bachelors,Professional,47.0,West,M,<=50K
90.0,Masters,Professional,37.0,West,M,<=50K
29.0,Some-college,Professional,32.0,South,M,<=50K
52.0,Some-college,Admin,56.0,West,F,<=50K
49.0,Bachelors,Tech,39.0,South,F,<=50K
64.0,HS,Craft,35.0,West,M,<=50K
53.0,Bachelors,Admin,53.0,South,F,<=50K
62.0,Bachelors,Tech,29.0,South,F,<=50K
55.0,Masters,Professional,41.0,West,F,>50K
41.0,Some-college,Craft,46.0,West,F,<=50K
36.0,Some-college,Professional,37.0,South,F,<=50K
71.0,Bachelors,Professional,37.0,Northeast,M,<=50K
43.0,Masters,Professional,45.0,Northeast,F,<=50K
62.0,HS,Professional,31.0,West,M,<=50K
58.0,Bachelors,Tech,40.0,Northeast,M,>50K
46.0,Bachelors,Tech,48.0,South,F,<=50K
35.0,HS,Tech,30.0,South,M,<=50K
56.0,Some-college,Tech,54.0,Midwest,F,<=50K
75.0,Masters,Professional,39.0,Midwest,M,<=50K
25.0,Some-college,Tech,37.0,South,F,<=50K
36.0,Some-college,Professional,36.0,West,M,<=50K
90.0,Doctorate,Professional,43.0,South,F,>50K
55.0,Some-college,Professional,38.0,South,M,<=50K
60.0,Some-college,Tech,44.0,South,M,<=50K
78.0,HS,Tech,52.0,Midwest,M,<=50K
84.0,Some-college,Professional,51.0,South,M,<=50K
58.0,HS,Craft,29.0,South,F,<=50K
66.0,Doctorate,Professional,54.0,South,M,<=50K
44.0,Masters,Professional,37.0,West,M,>50K
53.0,HS,Sales,45.0,West,M,<=50K
37.0,Doctorate,Professional,41.0,Northeast,M,>50K
64.0,Masters,Professional,44.0,Midwest,M,<=50K
62.0,Bachelors,Tech,37.0,South,F,>50K
62.0,Masters,Professional,47.0,South,M,<=50K
63.0,Bachelors,Professional,51.0,Northeast,M,<=50K
32.0,Some-college,Professional,34.0,Midwest,M,<=50K
50.0,HS,Craft,42.0,Midwest,M,<=50K
41.0,Some-college,Craft,48.0,West,M,<=50K
48.0,Bachelors,Professional,51.0,Northeast,M,>50K
62.0,Some-college,Sales,45.0,West,M,<=50K
81.0,Some-college,Craft,42.0,West,M,>50K
50.0,Masters,Professional,46.0,Midwest,M,<=50K
43.0,HS,Sales,38.0,South,F,<=50K
46.0,Masters,Professional,44.0,South,M,>50K
51.0,Some-college,Professional,39.0,West,M,<=50K
50.0,Bachelors,Tech,39.0,Midwest,F,<=50K
56.0,Some-college,Professional,21.0,South,F,<=50K
64.0,Bachelors,Professional,26.0,South,M,<=50K
34.0,Some-college,Admin,43.0,West,M,<=50K
33.0,HS,Admin,46.0,West,F,<=50K
43.0,Bachelors,Professional,45.0,Midwest,M,<=50K
45.0,Bachelors,Professional,42.0,South,M,<=50K
80.0,Masters,Professional,37.0,South,F,<=50K
49.0,Bachelors,Professional,47.0,Northeast,F,<=50K
69.0,Some-college,Admin,38.0,South,F,<=50K
39.0,Some-college,Sales,40.0,Northeast,M,<=50K
36.0,HS,Service,53.0,Midwest,F,<=50K
90.0,Some-college,Professional,26.0,South,M,>50K
71.0,Masters,Tech,36.0,Northeast,F,>50K
39.0,Masters,Professional,38.0,Midwest,M,<=50K
50.0,Masters,Tech,25.0,Midwest,F,<=50K
90.0,Masters,Professional,27.0,Northeast,M,<=50K
60.0,Bachelors,Professional,51.0,West,F,>50K
46.0,Bachelors,Professional,46.0,West,M,<=50K
69.0,HS,Professional,40.0,South,F,<=50K
61.0,Some-college,Professional,53.0,South,F,<=50K
30.0,Masters,Professional,30.0,Northeast,F,<=50K
90.0,Masters,Professional,55.0,South,F,>50K
72.0,Bachelors,Craft,41.0,Northeast,F,<=50K
52.0,Some-college,Sales,36.0,Midwest,M,<=50K
45.0,Some-college,Professional,51.0,Northeast,M,<=50K
43.0,Some-college,Professional,45.0,West,M,<=50K
31.0,HS,Sales,41.0,West,M,<=50K
55.0,HS,Tech,41.0,Northeast,F,<=50K
44.0,Bachelors,Professional,25.0,Northeast,M,<=50K
38.0,Some-college,Tech,22.0,Northeast,M,<=50K
43.0,Some-college,Sales,41.0,West,M,<=50K
90.0,Doctorate,Professional,46.0,Midwest,F,>50K
44.0,Bachelors,Professional,34.0,South,M,<=50K
73.0,Some-college,Admin,42.0,West,M,<=50K
81.0,Masters,Professional,26.0,Northeast,M,<=50K
55.0,HS,Professional,28.0,South,F,<=50K
67.0,Masters,Professional,41.0,South,M,<=50K
40.0,Bachelors,Professional,47.0,Northeast,F,<=50K
48.0,Some-college,Sales,48.0,South,M,<=50K
55.0,Bachelors,Professional,52.0,West,F,<=50K
41.0,Masters,Professional,33.0,Northeast,M,>50K
41.0,Some-college,Professional,39.0,Northeast,F,<=50K
90.0,Some-college,Craft,45.0,South,F,<=50K
75.0,Doctorate,Professional,32.0,South,F,>50K
53.0,Bachelors,Professional,39.0,West,F,>50K
40.0,Masters,Professional,40.0,West,M,<=50K
55.0,Some-college,Professional,42.0,West,F,<=50K
40.0,Bachelors,Professional,48.0,South,F,<=50K
50.0,Some-college,Tech,45.0,South,M,<=50K
54.0,Bachelors,Professional,38.0,South,M,>50K
56.0,Some-college,Sales,21.0,South,M,<=50K
44.0,Some-college,Tech,48.0,West,F,<=50K
67.0,Doctorate,Tech,50.0,Northeast,M,>50K
78.0,Bachelors,Professional,45.0,South,F,<=50K
48.0,HS,Sales,44.0,Northeast,M,<=50K
57.0,Bachelors,Professional,46.0,Midwest,F,<=50K
46.0,Some-college,Tech,52.0,South,F,<=50K
57.0,HS,Service,37.0,West,F,<=50K
79.0,Some-college,Craft,40.0,West,F,<=50K
46.0,Some-college,Tech,32.0,West,M,<=50K
44.0,Bachelors,Professional,39.0,South,M,>50K
51.0,Some-college,Craft,34.0,South,M,<=50K
48.0,HS,Admin,34.0,Northeast,M,<=50K
57.0,Some-college,Professional,24.0,South,F,<=50K
54.0,Masters,Professional,41.0,West,M,>50K
32.0,HS,Admin,48.0,South,M,<=50K
74.0,Masters,Professional,14.0,South,M,<=50K
48.0,Bachelors,Professional,52.0,Midwest,F,<=50K
52.0,Some-college,Craft,41.0,South,M,<=50K
46.0,Bachelors,Professional,35.0,South,M,<=50K
75.0,Some-college,Professional,43.0,South,M,<=50K
71.0,Bachelors,Professional,39.0,West,F,>50K
55.0,Some-college,Tech,41.0,South,M,>50K
61.0,Bachelors,Professional,54.0,South,F,<=50K
58.0,Masters,Professional,43.0,South,M,<=50K
43.0,Some-college,Professional,44.0,Midwest,M,>50K
50.0,Masters,Professional,39.0,South,F,<=50K
81.0,HS,Tech,38.0,South,F,<=50K
63.0,Some-college,Sales,33.0,West,F,<=50K
90.0,Some-college,Professional,37.0,South,F,<=50K
63.0,Doctorate,Professional,35.0,Northeast,F,>50K
36.0,Some-college,Tech,50.0,Midwest,M,<=50K
60.0,Masters,Professional,39.0,Northeast,F,>50K
50.0,HS,Professional,48.0,South,M,<=50K
36.0,Bachelors,Tech,51.0,South,M,<=50K
36.0,Bachelors,Professional,48.0,South,F,<=50K
75.0,Bachelors,Tech,34.0,West,M,<=50K
69.0,HS,Craft,56.0,West,F,<=50K
42.0,Bachelors,Professional,24.0,Midwest,M,<=50K
48.0,Masters,Professional,54.0,West,M,<=50K
51.0,Masters,Professional,19.0,South,F,>50K
64.0,Bachelors,Craft,33.0,West,M,<=50K
57.0,HS,Professional,41.0,Northeast,F,<=50K
81.0,Bachelors,Professional,33.0,Northeast,M,<=50K
47.0,Masters,Tech,22.0,South,F,>50K
85.0,Some-college,Craft,25.0,Northeast,F,<=50K
67.0,Masters,Professional,43.0,South,F,>50K
57.0,Some-college,Tech,26.0,Northeast,M,>50K
55.0,Bachelors,Sales,47.0,West,M,<=50K
62.0,Masters,Professional,52.0,South,M,>50K
69.0,Some-college,Professional,53.0,Northeast,M,>50K
49.0,Doctorate,Professional,43.0,Midwest,F,>50K
47.0,Bachelors,Professional,41.0,South,F,<=50K
50.0,Bachelors,Professional,38.0,South,F,>50K
48.0,Some-college,Professional,65.0,Midwest,F,>50K
70.0,Bachelors,Craft,52.0,South,M,>50K
65.0,Bachelors,Professional,47.0,South,F,<=50K
34.0,HS,Professional,42.0,West,F,<=50K
46.0,HS,Service,51.0,South,M,<=50K
38.0,Bachelors,Professional,23.0,Northeast,F,<=50K
50.0,Bachelors,Professional,49.0,Midwest,M,>50K
48.0,HS,Service,36.0,West,F,<=50K
43.0,HS,Craft,20.0,South,F,<=50K
64.0,Bachelors,Professional,51.0,South,F,<=50K
47.0,Bachelors,Professional,34.0,Midwest,F,<=50K
56.0,Bachelors,Craft,45.0,West,M,<=50K
50.0,HS,Professional,35.0,Northeast,F,<=50K
64.0,Masters,Professional,38.0,West,F,<=50K
63.0,Bachelors,Professional,56.0,South,M,>50K
49.0,Some-college,Tech,44.0,Midwest,F,>50K
60.0,Bachelors,Professional,45.0,South,F,>50K
56.0,Masters,Professional,27.0,Midwest,F,>50K
80.0,Masters,Professional,48.0,Midwest,F,>50K
43.0,Masters,Professional,35.0,South,F,>50K
56.0,Some-college,Professional,46.0,South,F,>50K
53.0,Some-college,Professional,32.0,West,M,<=50K
50.0,HS,Sales,44.0,South,F,<=50K
90.0,Bachelors,Tech,42.0,Northeast,F,<=50K
58.0,Some-college,Professional,28.0,Northeast,M,<=50K
72.0,Some-college,Professional,44.0,Northeast,F,<=50K
73.0,Masters,Professional,33.0,South,M,<=50K
58.0,Bachelors,Professional,53.0,South,F,>50K
59.0,Masters,Tech,45.0,West,M,<=50K
43.0,Bachelors,Professional,41.0,South,M,>50K
44.0,Masters,Professional,68.0,South,M,>50K
55.0,Bachelors,Professional,49.0,South,M,<=50K
34.0,Masters,Professional,36.0,Midwest,F,<=50K
69.0,Bachelors,Professional,49.0,South,F,<=50K
86.0,Masters,Professional,41.0,South,M,<=50K
38.0,Some-college,Admin,52.0,South,F,>50K
61.0,HS,Tech,33.0,South,M,<=50K
70.0,HS,Admin,58.0,Northeast,M,<=50K
45.0,Doctorate,Professional,36.0,Midwest,M,>50K
43.0,Bachelors,Professional,37.0,South,F,<=50K
36.0,Bachelors,Professional,33.0,South,M,<=50K
64.0,Bachelors,Craft,39.0,South,M,<=50K
53.0,Some-college,Tech,58.0,West,F,<=50K
60.0,Doctorate,Tech,43.0,South,F,>50K
43.0,HS,Admin,31.0,South,M,<=50K
54.0,Bachelors,Tech,40.0,South,F,<=50K
70.0,Bachelors,Professional,43.0,South,M,<=50K
54.0,Some-college,Craft,50.0,South,M,<=50K
66.0,HS,Sales,38.0,Midwest,F,<=50K
74.0,Some-college,Professional,42.0,West,F,<=50K
56.0,Some-college,Professional,68.0,Midwest,F,<=50K
62.0,Some-college,Professional,40.0,Northeast,F,<=50K
70.0,Masters,Professional,42.0,Northeast,F,<=50K
69.0,Some-college,Tech,30.0,Midwest,F,<=50K
77.0,Bachelors,Craft,49.0,Northeast,F,<=50K
56.0,Masters,Tech,37.0,South,M,<=50K
51.0,Masters,Professional,58.0,Northeast,M,>50K
90.0,Some-college,Professional,48.0,Midwest,F,<=50K
56.0,HS,Craft,49.0,South,F,<=50K
63.0,Masters,Professional,37.0,West,F,>50K
90.0,Masters,Professional,35.0,South,F,<=50K
29.0,Some-college,Tech,35.0,South,F,<=50K
49.0,Masters,Professional,42.0,South,F,>50K
30.0,Some-college,Professional,35.0,Midwest,F,<=50K
75.0,Bachelors,Service,36.0,West,M,<=50K
90.0,Some-college,Tech,39.0,South,F,<=50K
51.0,Bachelors,Tech,41.0,South,M,>50K
63.0,Some-college,Craft,38.0,South,F,<=50K
66.0,Some-college,Professional,49.0,South,M,<=50K
33.0,Masters,Professional,48.0,Midwest,F,<=50K
49.0,Bachelors,Professional,36.0,West,F,<=50K
59.0,HS,Service,61.0,South,M,<=50K
37.0,Bachelors,Professional,43.0,West,F,<=50K
46.0,Masters,Professional,52.0,South,M,<=50K
74.0,Some-college,Admin,57.0,Midwest,F,<=50K
62.0,Some-college,Tech,29.0,South,M,<=50K
39.0,Bachelors,Craft,45.0,South,F,<=50K
41.0,Some-college,Professional,48.0,Midwest,F,>50K
61.0,Bachelors,Professional,52.0,Northeast,M,>50K
37.0,Bachelors,Tech,47.0,West,M,<=50K
43.0,Some-college,Craft,50.0,Midwest,M,<=50K
52.0,Doctorate,Professional,28.0,West,F,>50K
70.0,Some-college,Craft,33.0,West,M,<=50K
45.0,Some-college,Professional,46.0,West,F,<=50K
49.0,Doctorate,Professional,23.0,Northeast,M,>50K
56.0,Doctorate,Professional,37.0,South,F,>50K
47.0,Bachelors,Professional,39.0,South,F,<=50K
50.0,Some-college,Professional,45.0,Northeast,M,<=50K
82.0,Some-college,Tech,47.0,South,M,<=50K
85.0,Masters,Professional,41.0,West,M,>50K
60.0,Bachelors,Professional,34.0,West,M,<=50K
59.0,Some-college,Craft,33.0,West,M,<=50K
58.0,Bachelors,Professional,45.0,West,M,<=50K
78.0,Doctorate,Professional,45.0,Northeast,M,<=50K
49.0,Bachelors,Professional,45.0,South,M,<=50K
72.0,Doctorate,Professional,42.0,South,F,<=50K
68.0,Masters,Professional,42.0,South,F,>50K
87.0,Masters,Professional,26.0,South,F,<=50K
70.0,Bachelors,Professional,41.0,South,F,<=50K
49.0,Bachelors,Professional,48.0,West,M,<=50K
60.0,Masters,Professional,32.0,South,F,<=50K
60.0,Masters,Professional,45.0,West,F,<=50K
43.0,Masters,Professional,47.0,South,F,>50K
48.0,Bachelors,Professional,62.0,South,M,>50K
39.0,Bachelors,Professional,39.0,Northeast,F,<=50K
35.0,Masters,Professional,37.0,South,F,<=50K
64.0,Bachelors,Craft,31.0,West,M,>50K
38.0,HS,Craft,30.0,Midwest,F,<=50K
56.0,Doctorate,Professional,27.0,South,F,<=50K
45.0,Bachelors,Professional,25.0,South,M,<=50K
72.0,Some-college,Professional,47.0,Northeast,F,<=50K
60.0,Bachelors,Tech,41.0,Midwest,F,<=50K
60.0,Bachelors,Professional,44.0,South,F,<=50K
68.0,HS,Tech,27.0,Northeast,M,<=50K
56.0,Bachelors,Professional,23.0,South,M,<=50K
39.0,HS,Sales,24.0,South,M,<=50K
54.0,Bachelors,Professional,56.0,South,M,>50K
60.0,Bachelors,Professional,52.0,Midwest,F,>50K
53.0,Masters,Professional,29.0,South,F,<=50K
58.0,Bachelors,Professional,42.0,South,F,<=50K
38.0,Bachelors,Professional,41.0,South,M,<=50K
58.0,Some-college,Tech,33.0,West,M,<=50K
90.0,Bachelors,Professional,32.0,South,F,<=50K
42.0,HS,Professional,49.0,South,F,<=50K
42.0,Masters,Tech,47.0,Midwest,M,<=50K
90.0,Bachelors,Craft,46.0,South,M,<=50K
66.0,Some-college,Tech,44.0,South,F,<=50K
90.0,Bachelors,Craft,39.0,South,M,<=50K
76.0,Bachelors,Tech,45.0,Northeast,M,<=50K
36.0,Some-college,Admin,38.0,West,F,<=50K
82.0,Bachelors,Professional,55.0,South,M,<=50K
57.0,Masters,Professional,44.0,South,M,<=50K
44.0,Some-college,Craft,46.0,Midwest,M,<=50K
65.0,HS,Sales,41.0,South,F,<=50K
60.0,Some-college,Craft,36.0,Midwest,M,<=50K
62.0,Doctorate,Professional,41.0,West,M,<=50K
39.0,Some-college,Craft,37.0,Northeast,M,<=50K
90.0,Masters,Professional,31.0,West,M,<=50K
52.0,Some-college,Professional,49.0,Northeast,F,>50K
71.0,Masters,Tech,59.0,West,M,>50K
34.0,Some-college,Professional,42.0,Midwest,F,<=50K
38.0,HS,Admin,39.0,Northeast,M,<=50K
63.0,Some-college,Sales,35.0,Midwest,M,<=50K
68.0,Doctorate,Professional,28.0,South,M,<=50K
45.0,Some-college,Professional,46.0,South,M,<=50K
66.0,Masters,Professional,47.0,Northeast,M,<=50K
45.0,Some-college,Tech,34.0,South,F,<=50K
46.0,Bachelors,Professional,42.0,Midwest,F,>50K
45.0,Bachelors,Professional,33.0,South,M,<=50K
40.0,Bachelors,Professional,53.0,South,F,<=50K
37.0,Doctorate,Professional,41.0,West,M,<=50K
55.0,Bachelors,Professional,46.0,South,M,>50K
72.0,Bachelors,Tech,56.0,South,F,<=50K
65.0,Some-college,Professional,22.0,West,M,<=50K
90.0,Some-college,Professional,42.0,Midwest,M,>50K
51.0,HS,Service,44.0,Northeast,F,<=50K
60.0,Masters,Professional,39.0,Midwest,F,>50K
43.0,HS,Service,41.0,South,M,<=50K
55.0,Masters,Tech,53.0,Midwest,M,<=50K
71.0,Masters,Professional,35.0,West,M,<=50K
58.0,Some-college,Tech,36.0,Midwest,F,<=50K
42.0,HS,Craft,56.0,Northeast,F,<=50K
41.0,Bachelors,Professional,50.0,West,M,>50K
46.0,Bachelors,Professional,46.0,Midwest,F,<=50K
39.0,Masters,Tech,48.0,Northeast,M,<=50K
38.0,Some-college,Professional,41.0,South,F,<=50K
56.0,Some-college,Professional,39.0,South,M,<=50K
37.0,Some-college,Sales,39.0,South,F,<=50K
43.0,Some-college,Sales,44.0,Midwest,M,<=50K
60.0,Some-college,Admin,38.0,West,F,<=50K
32.0,HS,Craft,25.0,Northeast,M,<=50K
63.0,HS,Craft,40.0,South,F,<=50K
40.0,Some-college,Craft,43.0,Midwest,F,<=50K
37.0,Some-college,Professional,39.0,South,F,<=50K
49.0,Masters,Professional,48.0,Midwest,M,>50K
46.0,Doctorate,Professional,44.0,Midwest,M,<=50K
49.0,Doctorate,Professional,50.0,Midwest,M,>50K
79.0,Bachelors,Tech,42.0,South,F,<=50K
55.0,Doctorate,Tech,40.0,South,F,<=50K
35.0,Some-college,Professional,45.0,West,M,<=50K
47.0,Some-college,Admin,49.0,South,M,<=50K
60.0,Doctorate,Professional,38.0,South,F,>50K
57.0,Some-college,Professional,34.0,South,F,<=50K
40.0,Some-college,Admin,53.0,West,F,<=50K
46.0,Some-college,Professional,37.0,Northeast,F,<=50K
45.0,Masters,Professional,45.0,Northeast,F,<=50K
38.0,Some-college,Professional,36.0,South,M,<=50K
52.0,Masters,Professional,44.0,South,M,<=50K
45.0,Some-college,Professional,54.0,South,M,>50K
51.0,HS,Admin,57.0,South,M,<=50K
54.0,Bachelors,Professional,30.0,Midwest,F,<=50K
44.0,Bachelors,Professional,28.0,West,F,<=50K
80.0,Some-college,Craft,11.0,West,F,<=50K
56.0,Some-college,Professional,47.0,Midwest,M,>50K
50.0,Some-college,Service,56.0,Midwest,M,<=50K
55.0,Masters,Professional,44.0,West,M,<=50K
77.0,Masters,Professional,38.0,South,F,<=50K
40.0,Bachelors,Professional,48.0,South,F,<=50K
66.0,Bachelors,Professional,34.0,West,F,>50K
40.0,Some-college,Professional,46.0,Midwest,M,<=50K
62.0,Bachelors,Professional,54.0,Northeast,F,<=50K
38.0,Some-college,Professional,51.0,South,M,<=50K
50.0,HS,Admin,48.0,South,F,<=50K
44.0,Some-college,Professional,37.0,Midwest,M,<=50K
47.0,Bachelors,Tech,39.0,Northeast,M,>50K
69.0,Bachelors,Professional,34.0,Midwest,F,<=50K
71.0,Masters,Professional,58.0,West,M,<=50K
53.0,HS,Professional,53.0,South,M,<=50K
45.0,Some-college,Admin,41.0,Northeast,M,<=50K
68.0,Bachelors,Tech,41.0,Midwest,M,<=50K
39.0,Some-college,Professional,43.0,Northeast,M,<=50K
36.0,Bachelors,Professional,34.0,West,F,>50K
52.0,Some-college,Professional,46.0,Midwest,F,<=50K
52.0,HS,Craft,46.0,Midwest,F,<=50K
56.0,Masters,Tech,46.0,South,M,<=50K
53.0,HS,Craft,42.0,Northeast,F,<=50K
90.0,Masters,Professional,16.0,South,F,<=50K
42.0,Some-college,Craft,39.0,Midwest,F,<=50K
47.0,Some-college,Professional,29.0,West,F,<=50K
44.0,Some-college,Professional,26.0,Midwest,F,>50K
69.0,Some-college,Professional,61.0,Midwest,F,<=50K
43.0,Some-college,Tech,37.0,Midwest,F,>50K
38.0,Bachelors,Tech,39.0,South,M,<=50K
51.0,HS,Service,39.0,West,F,<=50K
45.0,Masters,Professional,34.0,West,M,<=50K
58.0,Masters,Professional,56.0,South,M,>50K
31.0,Masters,Professional,22.0,West,M,<=50K
67.0,Some-college,Craft,46.0,Midwest,M,<=50K
57.0,HS,Admin,37.0,West,M,<=50K
48.0,Some-college,Professional,53.0,South,M,>50K
44.0,Some-college,Tech,49.0,Midwest,F,<=50K
59.0,Bachelors,Professional,43.0,South,M,<=50K
49.0,Some-college,Craft,28.0,South,F,<=50K
59.0,Bachelors,Tech,49.0,South,F,>50K
87.0,Bachelors,Professional,47.0,South,F,<=50K
54.0,HS,Sales,48.0,West,F,<=50K
72.0,Doctorate,Professional,39.0,Midwest,M,>50K
63.0,Some-college,Professional,47.0,Midwest,F,<=50K
45.0,Bachelors,Admin,34.0,South,F,<=50K
76.0,Masters,Professional,43.0,South,M,<=50K
65.0,Some-college,Tech,45.0,Midwest,M,<=50K
41.0,Bachelors,Professional,38.0,Midwest,M,<=50K
58.0,Doctorate,Professional,33.0,South,M,>50K
89.0,Bachelors,Professional,36.0,Midwest,F,>50K
69.0,Masters,Professional,34.0,Northeast,M,<=50K
66.0,Bachelors,Professional,31.0,Northeast,M,<=50K
47.0,Bachelors,Tech,51.0,Midwest,F,<=50K
53.0,Masters,Craft,40.0,West,M,<=50K
60.0,Bachelors,Professional,37.0,South,M,<=50K
44.0,Some-college,Tech,36.0,West,M,<=50K
33.0,Masters,Professional,43.0,South,F,>50K
83.0,Bachelors,Professional,36.0,South,M,<=50K
44.0,Bachelors,Professional,35.0,South,F,>50K
84.0,Some-college,Professional,42.0,South,F,<=50K
51.0,Bachelors,Professional,43.0,South,M,>50K
42.0,Masters,Professional,33.0,Northeast,F,<=50K
39.0,Masters,Professional,31.0,Midwest,M,<=50K
71.0,Bachelors,Professional,53.0,South,F,>50K
48.0,Some-college,Service,39.0,South,F,<=50K
37.0,Some-college,Professional,50.0,Northeast,F,>50K
59.0,Bachelors,Professional,47.0,Midwest,F,>50K
53.0,Masters,Professional,41.0,South,M,<=50K
45.0,Bachelors,Professional,39.0,South,M,>50K
44.0,Masters,Professional,55.0,West,F,>50K
44.0,Some-college,Craft,35.0,Midwest,M,<=50K
53.0,Masters,Professional,38.0,South,F,<=50K
46.0,Some-college,Professional,34.0,Northeast,M,<=50K
39.0,Bachelors,Tech,39.0,West,M,<=50K
70.0,Some-college,Professional,33.0,South,M,<=50K
78.0,Masters,Tech,41.0,West,F,<=50K
51.0,Bachelors,Professional,30.0,South,M,>50K
53.0,Some-college,Tech,46.0,South,M,<=50K
70.0,Some-college,Professional,44.0,Northeast,F,<=50K
44.0,Some-college,Professional,43.0,West,M,<=50K
59.0,HS,Service,36.0,Northeast,M,<=50K
75.0,Some-college,Tech,52.0,South,F,<=50K
50.0,Some-college,Professional,59.0,West,M,<=50K
31.0,Bachelors,Professional,37.0,Northeast,M,<=50K
38.0,Masters,Tech,33.0,West,M,>50K
43.0,Some-college,Tech,46.0,South,M,<=50K
53.0,Some-college,Sales,40.0,Northeast,F,<=50K
33.0,Bachelors,Tech,40.0,South,F,<=50K
35.0,Some-college,Professional,45.0,South,F,<=50K
60.0,Bachelors,Professional,30.0,West,M,<=50K
90.0,Masters,Professional,44.0,West,F,<=50K
64.0,Bachelors,Craft,32.0,Northeast,M,>50K
51.0,Bachelors,Professional,30.0,West,M,<=50K
74.0,Some-college,Tech,37.0,Northeast,M,>50K
73.0,Doctorate,Professional,54.0,West,F,<=50K
71.0,Some-college,Tech,35.0,South,M,<=50K
38.0,Bachelors,Tech,44.0,West,M,<=50K
90.0,Some-college,Professional,30.0,South,F,<=50K
36.0,Some-college,Professional,45.0,Northeast,F,<=50K
49.0,Bachelors,Professional,44.0,West,F,<=50K
29.0,Some-college,Tech,48.0,Midwest,M,<=50K
58.0,Bachelors,Tech,43.0,South,F,<=50K
50.0,Bachelors,Professional,41.0,West,F,<=50K
64.0,HS,Professional,25.0,Midwest,M,<=50K
49.0,HS,Professional,44.0,South,M,>50K
38.0,Masters,Tech,47.0,Midwest,M,<=50K
52.0,Some-college,Professional,43.0,West,M,<=50K
36.0,Masters,Professional,41.0,West,F,<=50K
90.0,Bachelors,Professional,43.0,Midwest,M,<=50K
33.0,Some-college,Tech,47.0,West,M,<=50K
64.0,Bachelors,Professional,34.0,West,F,<=50K
39.0,Some-college,Professional,39.0,Midwest,M,>50K
43.0,Bachelors,Professional,44.0,Northeast,F,<=50K
45.0,Some-college,Admin,43.0,South,F,<=50K
66.0,Masters,Professional,33.0,South,M,<=50K
53.0,Masters,Professional,24.0,Midwest,F,<=50K
55.0,Some-college,Tech,44.0,Northeast,M,<=50K
36.0,Doctorate,Professional,46.0,South,M,<=50K
67.0,Some-college,Professional,56.0,Northeast,F,>50K
49.0,Bachelors,Tech,45.0,Midwest,M,>50K
47.0,HS,Admin,33.0,South,M,<=50K
80.0,HS,Sales,44.0,Northeast,M,<=50K
69.0,Doctorate,Professional,40.0,South,F,>50K
54.0,Masters,Professional,36.0,Midwest,M,>50K
66.0,Masters,Professional,29.0,South,F,>50K
38.0,HS,Sales,24.0,South,M,<=50K
51.0,Bachelors,Professional,35.0,South,F,<=50K
56.0,Bachelors,Craft,38.0,Midwest,M,<=50K
48.0,Bachelors,Tech,42.0,South,F,<=50K
44.0,Bachelors,Professional,41.0,Northeast,M,<=50K
52.0,Some-college,Tech,43.0,South,M,>50K
39.0,Some-college,Professional,57.0,Northeast,M,<=50K
52.0,HS,Service,41.0,South,M,<=50K
74.0,Bachelors,Tech,53.0,West,F,>50K
62.0,Bachelors,Professional,35.0,South,M,<=50K
58.0,Some-college,Craft,35.0,South,F,<=50K
46.0,Some-college,Craft,36.0,West,M,<=50K
90.0,Bachelors,Professional,22.0,South,F,<=50K
55.0,Bachelors,Professional,56.0,West,F,<=50K
40.0,Masters,Tech,42.0,South,M,<=50K
90.0,Bachelors,Craft,44.0,West,M,<=50K
90.0,Masters,Professional,53.0,West,M,>50K
55.0,HS,Tech,46.0,Midwest,M,<=50K
65.0,Some-college,Professional,56.0,West,M,<=50K
61.0,Masters,Professional,21.0,West,F,>50K
57.0,Some-college,Tech,53.0,Midwest,F,<=50K
68.0,Some-college,Professional,44.0,Midwest,F,<=50K
45.0,Some-college,Tech,36.0,South,F,<=50K
45.0,Masters,Professional,50.0,West,F,<=50K
41.0,Some-college,Professional,41.0,Northeast,M,<=50K
61.0,Some-college,Professional,35.0,South,F,>50K
54.0,Bachelors,Professional,24.0,South,F,<=50K
53.0,Masters,Professional,57.0,West,M,<=50K
72.0,Masters,Professional,18.0,Northeast,M,<=50K
47.0,Masters,Craft,42.0,South,F,>50K
51.0,Bachelors,Professional,56.0,Midwest,F,<=50K
62.0,Bachelors,Professional,47.0,South,M,>50K
90.0,Bachelors,Professional,32.0,Northeast,M,<=50K
90.0,Bachelors,Professional,35.0,West,F,>50K
66.0,Some-college,Professional,36.0,West,F,<=50K
56.0,Bachelors,Tech,44.0,Midwest,F,<=50K
65.0,Bachelors,Professional,41.0,South,M,<=50K
66.0,Bachelors,Professional,30.0,West,F,<=50K
72.0,Masters,Tech,28.0,South,M,<=50K
53.0,Bachelors,Professional,52.0,South,M,>50K
36.0,HS,Admin,28.0,Northeast,F,<=50K
66.0,Some-college,Professional,31.0,Midwest,F,<=50K
48.0,HS,Craft,62.0,South,M,>50K
54.0,HS,Admin,34.0,West,M,<=50K
44.0,Bachelors,Professional,29.0,Midwest,M,<=50K
57.0,HS,Craft,33.0,South,F,<=50K
37.0,HS,Craft,46.0,South,M,<=50K
50.0,Some-college,Sales,34.0,West,F,<=50K
66.0,Masters,Professional,40.0,Northeast,M,<=50K
51.0,Some-college,Tech,20.0,Northeast,M,<=50K
49.0,Masters,Professional,36.0,South,F,<=50K
78.0,Bachelors,Professional,40.0,Northeast,M,<=50K
90.0,Bachelors,Tech,38.0,West,M,<=50K
52.0,Bachelors,Craft,54.0,West,M,<=50K
50.0,Bachelors,Professional,46.0,South,M,<=50K
41.0,Bachelors,Professional,14.0,West,M,<=50K
59.0,Some-college,Tech,27.0,South,F,<=50K
72.0,Some-college,Professional,33.0,West,F,>50K
59.0,Some-college,Professional,39.0,West,F,<=50K
48.0,Some-college,Craft,41.0,Northeast,M,<=50K
63.0,Bachelors,Tech,47.0,Northeast,M,<=50K
55.0,Masters,Professional,26.0,Northeast,M,<=50K
49.0,Masters,Professional,21.0,South,F,<=50K
40.0,Bachelors,Tech,47.0,West,M,<=50K
61.0,Masters,Professional,32.0,West,M,<=50K
55.0,Bachelors,Tech,20.0,Northeast,F,>50K
78.0,Doctorate,Professional,31.0,West,M,>50K
45.0,Masters,Professional,36.0,West,M,<=50K
56.0,Doctorate,Professional,30.0,Northeast,M,<=50K
62.0,Bachelors,Professional,31.0,Midwest,M,<=50K
47.0,Bachelors,Professional,50.0,Northeast,F,>50K
50.0,Masters,Craft,31.0,South,M,<=50K
50.0,Bachelors,Tech,44.0,West,M,<=50K
61.0,Bachelors,Craft,43.0,Midwest,M,<=50K
86.0,Some-college,Service,35.0,West,F,<=50K
63.0,Masters,Professional,62.0,South,F,>50K
36.0,Bachelors,Tech,27.0,South,F,<=50K
42.0,Bachelors,Professional,63.0,South,F,<=50K
53.0,Some-college,Craft,32.0,Midwest,M,<=50K
66.0,HS,Service,38.0,West,M,<=50K
58.0,Bachelors,Professional,44.0,Midwest,F,<=50K
65.0,Masters,Tech,51.0,West,M,<=50K
44.0,HS,Craft,47.0,Midwest,F,<=50K
90.0,Some-college,Sales,34.0,Midwest,M,<=50K
50.0,Some-college,Professional,38.0,Northeast,F,<=50K
36.0,Some-college,Professional,50.0,South,M,<=50K
55.0,HS,Service,55.0,South,F,<=50K
90.0,Doctorate,Professional,32.0,South,F,<=50K
42.0,Masters,Professional,51.0,West,M,>50K
64.0,Some-college,Professional,46.0,West,M,<=50K
62.0,HS,Professional,43.0,Northeast,F,<=50K
84.0,Masters,Professional,29.0,South,M,<=50K
59.0,Doctorate,Professional,30.0,Northeast,F,>50K
70.0,Masters,Professional,45.0,West,M,<=50K
59.0,Masters,Professional,16.0,Midwest,F,>50K
62.0,Some-college,Sales,37.0,South,F,<=50K
42.0,Bachelors,Professional,44.0,Midwest,M,<=50K
40.0,HS,Tech,25.0,Midwest,F,<=50K
58.0,Doctorate,Professional,56.0,West,F,>50K
54.0,Bachelors,Professional,56.0,Midwest,F,<=50K
57.0,HS,Sales,32.0,Midwest,M,<=50K
77.0,HS,Tech,39.0,West,M,<=50K
38.0,Bachelors,Professional,38.0,South,F,>50K
54.0,Bachelors,Professional,36.0,South,F,>50K
75.0,Bachelors,Tech,36.0,South,M,<=50K
38.0,Bachelors,Tech,44.0,Northeast,F,>50K
42.0,Doctorate,Professional,55.0,South,F,>50K
33.0,Bachelors,Tech,39.0,Northeast,F,<=50K
65.0,HS,Professional,42.0,South,F,<=50K
61.0,Bachelors,Professional,42.0,South,M,>50K
36.0,HS,Craft,33.0,South,F,<=50K
75.0,Some-college,Craft,46.0,South,M,>50K
47.0,Bachelors,Professional,36.0,South,F,<=50K
49.0,Some-college,Admin,32.0,West,M,<=50K
62.0,Some-college,Professional,47.0,Midwest,F,<=50K
68.0,Bachelors,Professional,24.0,South,M,<=50K
41.0,Some-college,Admin,36.0,South,M,<=50K
58.0,Bachelors,Craft,38.0,South,F,<=50K
53.0,Some-college,Tech,40.0,West,F,<=50K
81.0,Bachelors,Professional,26.0,West,M,<=50K
44.0,Some-college,Craft,32.0,South,M,<=50K
80.0,Masters,Professional,38.0,West,M,<=50K
33.0,Some-college,Tech,44.0,South,F,>50K
64.0,Bachelors,Professional,40.0,South,F,<=50K
83.0,Some-college,Craft,37.0,Northeast,M,<=50K
65.0,Bachelors,Professional,34.0,West,F,>50K
78.0,HS,Service,40.0,Midwest,F,<=50K
72.0,Doctorate,Tech,16.0,West,F,<=50K
36.0,Some-college,Tech,45.0,Northeast,F,<=50K
45.0,Bachelors,Professional,49.0,South,F,<=50K
76.0,Some-college,Craft,40.0,Northeast,F,<=50K
58.0,Some-college,Craft,33.0,South,F,<=50K
52.0,Bachelors,Tech,53.0,South,M,<=50K
81.0,Some-college,Admin,33.0,West,M,<=50K
62.0,Some-college,Admin,53.0,West,M,<=50K
31.0,HS,Sales,36.0,South,F,<=50K
39.0,Some-college,Craft,33.0,South,F,<=50K
55.0,HS,Craft,39.0,West,F,<=50K
48.0,Doctorate,Professional,35.0,South,F,>50K
41.0,HS,Professional,39.0,South,F,<=50K
50.0,Some-college,Professional,46.0,Northeast,F,<=50K
48.0,Bachelors,Professional,39.0,West,F,>50K
54.0,Masters,Tech,37.0,South,F,>50K
53.0,HS,Tech,41.0,Midwest,F,<=50K
49.0,HS,Admin,44.0,Northeast,M,<=50K
47.0,Bachelors,Professional,41.0,Midwest,F,<=50K
54.0,Bachelors,Professional,46.0,South,F,>50K
51.0,HS,Admin,46.0,West,F,<=50K
54.0,HS,Sales,44.0,South,M,<=50K
53.0,Some-college,Tech,48.0,West,F,<=50K
42.0,Bachelors,Professional,40.0,Northeast,M,<=50K
57.0,Bachelors,Tech,52.0,South,F,>50K
40.0,Bachelors,Professional,44.0,Northeast,M,<=50K
63.0,Bachelors,Professional,49.0,Midwest,M,>50K
87.0,Bachelors,Tech,37.0,Northeast,F,<=50K
52.0,Bachelors,Admin,29.0,West,F,<=50K
55.0,Bachelors,Professional,37.0,Midwest,F,<=50K
90.0,Bachelors,Professional,38.0,South,F,>50K
52.0,Some-college,Craft,45.0,Midwest,F,<=50K
40.0,Some-college,Professional,40.0,Midwest,F,<=50K
60.0,Bachelors,Professional,55.0,West,M,<=50K
42.0,Some-college,Tech,29.0,Midwest,F,<=50K
65.0,Some-college,Craft,26.0,Midwest,F,<=50K
38.0,Bachelors,Professional,38.0,Midwest,M,<=50K
56.0,Bachelors,Professional,35.0,West,F,>50K
58.0,Bachelors,Tech,42.0,South,M,<=50K
74.0,Some-college,Professional,46.0,South,M,>50K
61.0,Masters,Professional,65.0,Northeast,M,>50K
39.0,Doctorate,Professional,28.0,South,F,<=50K
57.0,Some-college,Tech,32.0,Midwest,M,<=50K
55.0,HS,Admin,41.0,West,M,<=50K
83.0,Some-college,Professional,26.0,Northeast,M,<=50K
48.0,Some-college,Craft,34.0,South,F,<=50K
50.0,HS,Admin,53.0,Northeast,M,<=50K
61.0,Some-college,Professional,41.0,Midwest,F,<=50K
50.0,Masters,Professional,41.0,Midwest,M,>50K
40.0,Masters,Tech,50.0,South,M,>50K
44.0,Masters,Professional,25.0,West,M,<=50K
56.0,Masters,Professional,42.0,South,F,<=50K
54.0,Some-college,Tech,41.0,South,F,<=50K
41.0,Masters,Professional,43.0,South,M,<=50K
50.0,Some-college,Craft,32.0,South,M,<=50K
55.0,Some-college,Tech,38.0,South,F,<=50K
31.0,HS,Service,37.0,South,F,<=50K
35.0,Masters,Professional,46.0,South,F,>50K
31.0,Masters,Professional,32.0,Northeast,M,>50K
34.0,Some-college,Admin,44.0,South,M,<=50K
57.0,Some-college,Craft,23.0,South,F,<=50K
56.0,Bachelors,Tech,45.0,South,F,>50K
32.0,Bachelors,Professional,45.0,Northeast,M,<=50K
65.0,Masters,Professional,33.0,West,F,<=50K
70.0,Bachelors,Professional,38.0,South,F,<=50K
54.0,Bachelors,Professional,41.0,West,M,>50K
59.0,HS,Tech,44.0,Midwest,M,<=50K
60.0,Some-college,Professional,52.0,West,F,<=50K
45.0,HS,Sales,42.0,Midwest,F,<=50K
81.0,Doctorate,Professional,37.0,South,M,>50K
41.0,Masters,Professional,38.0,Midwest,F,<=50K
48.0,Bachelors,Professional,43.0,South,F,<=50K
28.0,Masters,Professional,44.0,Midwest,M,<=50K
66.0,Doctorate,Professional,43.0,South,M,>50K
45.0,Masters,Professional,36.0,South,M,>50K
85.0,HS,Sales,36.0,South,M,<=50K
34.0,Some-college,Professional,32.0,Midwest,F,<=50K
83.0,HS,Tech,31.0,South,F,<=50K
29.0,Some-college,Tech,34.0,Northeast,F,<=50K
51.0,HS,Service,36.0,South,F,<=50K
53.0,Bachelors,Professional,48.0,Midwest,M,<=50K
47.0,Bachelors,Professional,30.0,Midwest,M,<=50K
81.0,Some-college,Professional,40.0,South,F,>50K
41.0,Some-college,Professional,30.0,Midwest,F,<=50K
48.0,Bachelors,Professional,48.0,Midwest,M,<=50K
54.0,Bachelors,Tech,44.0,South,F,<=50K
52.0,Some-college,Admin,52.0,Midwest,F,<=50K
49.0,HS,Tech,46.0,South,F,<=50K
59.0,Some-college,Professional,32.0,South,M,<=50K
50.0,Masters,Professional,41.0,Midwest,M,>50K
78.0,Bachelors,Professional,34.0,Midwest,M,<=50K
43.0,HS,Service,36.0,West,M,<=50K
52.0,Some-college,Admin,32.0,West,F,<=50K
60.0,Bachelors,Professional,39.0,Midwest,M,>50K
62.0,Some-college,Professional,42.0,South,F,<=50K
79.0,Masters,Tech,42.0,South,F,>50K
46.0,Some-college,Professional,62.0,South,F,<=50K
69.0,Bachelors,Professional,40.0,West,M,>50K
52.0,Bachelors,Professional,42.0,Northeast,M,<=50K
32.0,Doctorate,Professional,38.0,Midwest,F,>50K
67.0,Bachelors,Professional,39.0,West,M,<=50K
37.0,Some-college,Service,37.0,South,M,<=50K
46.0,Bachelors,Professional,41.0,Northeast,F,<=50K
61.0,Some-college,Professional,40.0,South,F,<=50K
45.0,Bachelors,Professional,47.0,Northeast,M,<=50K
41.0,HS,Sales,44.0,Northeast,M,<=50K
61.0,Bachelors,Tech,34.0,South,F,>50K
70.0,Bachelors,Professional,41.0,South,M,<=50K
45.0,HS,Sales,43.0,Northeast,M,<=50K
48.0,Masters,Professional,39.0,West,F,>50K
59.0,Bachelors,Craft,39.0,Midwest,M,<=50K
54.0,Some-college,Tech,41.0,South,F,<=50K
49.0,HS,Sales,46.0,Northeast,F,<=50K
87.0,HS,Service,40.0,South,F,<=50K
49.0,Some-college,Professional,36.0,West,F,<=50K
42.0,HS,Professional,40.0,Midwest,M,<=50K
47.0,Bachelors,Professional,52.0,Northeast,M,<=50K
58.0,Masters,Professional,33.0,Midwest,M,<=50K
44.0,Some-college,Professional,46.0,South,F,>50K
41.0,HS,Service,38.0,Midwest,M,<=50K
35.0,Some-college,Professional,71.0,Northeast,M,<=50K
90.0,Some-college,Tech,43.0,Midwest,F,<=50K
62.0,Bachelors,Professional,42.0,South,M,>50K
38.0,Bachelors,Tech,39.0,Midwest,M,<=50K
60.0,Some-college,Tech,28.0,Northeast,M,<=50K
59.0,Bachelors,Professional,37.0,Northeast,M,<=50K
73.0,Masters,Professional,58.0,South,F,>50K
41.0,Masters,Professional,43.0,Midwest,M,>50K
73.0,Some-college,Tech,38.0,Midwest,M,<=50K
66.0,Masters,Professional,41.0,Midwest,F,<=50K
39.0,Some-college,Tech,40.0,Northeast,F,<=50K
55.0,Some-college,Sales,33.0,Midwest,M,<=50K
56.0,Masters,Professional,42.0,South,F,<=50K
57.0,Bachelors,Professional,46.0,West,M,<=50K
30.0,Bachelors,Professional,25.0,South,F,<=50K
56.0,Bachelors,Professional,39.0,Northeast,F,>50K
48.0,Some-college,Professional,17.0,South,M,<=50K
66.0,Some-college,Craft,27.0,South,F,<=50K
56.0,Doctorate,Professional,49.0,Northeast,M,<=50K
45.0,Masters,Professional,51.0,Northeast,M,<=50K
40.0,Bachelors,Professional,56.0,Northeast,M,<=50K
49.0,Masters,Tech,30.0,West,F,<=50K
57.0,Masters,Professional,41.0,West,F,<=50K
52.0,Some-college,Admin,38.0,South,M,<=50K
36.0,Bachelors,Professional,49.0,Northeast,F,<=50K
81.0,Bachelors,Professional,42.0,West,M,<=50K
66.0,Masters,Professional,42.0,Midwest,M,>50K
54.0,Some-college,Professional,47.0,South,F,>50K
56.0,Doctorate,Professional,38.0,South,M,>50K
61.0,Some-college,Craft,50.0,West,M,<=50K
56.0,Bachelors,Tech,39.0,Northeast,M,<=50K
50.0,Bachelors,Tech,51.0,South,F,<=50K
72.0,Bachelors,Professional,42.0,South,M,<=50K
51.0,Masters,Professional,43.0,West,F,<=50K
49.0,Bachelors,Tech,31.0,South,M,<=50K
54.0,Some-college,Tech,28.0,South,M,<=50K
51.0,Bachelors,Professional,28.0,South,M,<=50K
55.0,Some-college,Professional,46.0,West,M,>50K
90.0,Masters,Tech,19.0,South,M,<=50K
46.0,Bachelors,Professional,53.0,South,M,<=50K
60.0,Masters,Professional,39.0,Northeast,F,>50K
67.0,HS,Professional,30.0,West,M,<=50K
36.0,Bachelors,Tech,42.0,Midwest,F,<=50K
49.0,Some-college,Professional,30.0,West,F,>50K
35.0,Bachelors,Professional,40.0,South,M,<=50K
44.0,Masters,Professional,38.0,Northeast,F,<=50K
36.0,Bachelors,Professional,50.0,West,M,<=50K
56.0,Bachelors,Tech,49.0,Northeast,M,<=50K
45.0,Masters,Professional,49.0,South,F,<=50K
70.0,Masters,Professional,37.0,Midwest,F,<=50K
49.0,Doctorate,Professional,52.0,South,F,>50K
48.0,HS,Tech,40.0,Midwest,F,<=50K
45.0,Bachelors,Professional,42.0,West,F,<=50K
42.0,Some-college,Tech,44.0,South,F,<=50K
70.0,Some-college,Professional,43.0,West,M,<=50K
37.0,Bachelors,Tech,28.0,West,F,<=50K
73.0,Some-college,Tech,46.0,South,F,>50K
50.0,HS,Professional,28.0,South,F,<=50K
38.0,Some-college,Craft,44.0,South,F,<=50K
54.0,Some-college,Professional,41.0,South,F,<=50K
44.0,Doctorate,Tech,41.0,Northeast,F,<=50K
44.0,Some-college,Admin,31.0,South,M,<=50K
74.0,Some-college,Tech,49.0,Midwest,F,<=50K
62.0,HS,Tech,40.0,South,F,<=50K
26.0,Some-college,Craft,44.0,Midwest,M,<=50K
50.0,Some-college,Professional,35.0,South,M,<=50K
50.0,Bachelors,Professional,35.0,West,F,>50K
46.0,HS,Service,41.0,West,M,<=50K
80.0,Some-college,Craft,48.0,Northeast,M,<=50K
42.0,HS,Professional,29.0,Midwest,M,<=50K
42.0,Bachelors,Tech,35.0,West,M,>50K
55.0,HS,Service,37.0,Northeast,F,<=50K
71.0,HS,Sales,38.0,Northeast,M,<=50K
36.0,Masters,Craft,35.0,South,F,<=50K
50.0,Bachelors,Tech,50.0,South,F,<=50K
48.0,Bachelors,Professional,47.0,Midwest,M,<=50K
62.0,Bachelors,Professional,42.0,Midwest,F,<=50K
90.0,Some-college,Tech,45.0,Midwest,F,<=50K
66.0,Masters,Professional,50.0,Northeast,M,>50K
46.0,HS,Service,36.0,Northeast,M,<=50K
42.0,Doctorate,Professional,34.0,South,M,>50K
27.0,Bachelors,Professional,43.0,South,F,<=50K
53.0,HS,Admin,60.0,West,M,<=50K
67.0,Masters,Professional,21.0,West,M,<=50K
63.0,Doctorate,Professional,36.0,Northeast,M,<=50K
45.0,Some-college,Professional,47.0,Northeast,F,<=50K
81.0,Masters,Professional,33.0,South,F,>50K
38.0,Some-college,Professional,47.0,West,F,<=50K
71.0,Some-college,Professional,43.0,Northeast,M,<=50K
60.0,HS,Professional,31.0,South,F,<=50K
45.0,Masters,Tech,37.0,Northeast,M,>50K
70.0,Some-college,Professional,44.0,South,F,>50K
39.0,Bachelors,Professional,32.0,South,F,<=50K
41.0,HS,Admin,45.0,West,M,<=50K
58.0,Some-college,Professional,44.0,West,F,<=50K
88.0,Masters,Professional,35.0,Northeast,F,<=50K
67.0,Some-college,Craft,45.0,Midwest,F,<=50K
44.0,Some-college,Tech,38.0,Northeast,F,<=50K
83.0,Some-college,Tech,41.0,South,M,<=50K
90.0,Bachelors,Professional,29.0,Northeast,F,<=50K
57.0,Masters,Tech,54.0,South,M,<=50K
54.0,Some-college,Professional,39.0,Northeast,M,<=50K
40.0,Some-college,Service,50.0,Northeast,F,<=50K
40.0,HS,Service,58.0,Northeast,F,<=50K
36.0,Masters,Professional,53.0,South,M,<=50K
40.0,Some-college,Craft,40.0,West,F,<=50K
34.0,Some-college,Professional,40.0,South,F,<=50K
48.0,Masters,Professional,41.0,West,M,<=50K
43.0,Some-college,Craft,43.0,West,F,<=50K
47.0,HS,Admin,34.0,South,F,<=50K
59.0,Some-college,Professional,26.0,South,F,<=50K
39.0,Some-college,Professional,43.0,South,M,<=50K
43.0,Doctorate,Professional,41.0,Northeast,F,>50K
54.0,Bachelors,Tech,55.0,South,M,>50K
90.0,Bachelors,Professional,53.0,West,F,<=50K
66.0,Masters,Professional,29.0,South,M,>50K
31.0,Masters,Professional,30.0,Midwest,F,<=50K
63.0,Some-college,Professional,48.0,West,M,<=50K
60.0,Masters,Professional,52.0,South,M,<=50K
48.0,Masters,Professional,42.0,Northeast,M,>50K
26.0,Bachelors,Professional,38.0,South,M,<=50K
41.0,HS,Admin,24.0,South,M,<=50K
58.0,Bachelors,Tech,61.0,South,F,<=50K
87.0,Doctorate,Tech,32.0,South,F,>50K
69.0,Bachelors,Professional,46.0,South,F,<=50K
48.0,Doctorate,Professional,44.0,South,M,<=50K
48.0,Bachelors,Professional,33.0,Midwest,F,<=50K
61.0,Some-college,Craft,49.0,South,M,<=50K
60.0,Bachelors,Professional,54.0,Northeast,M,<=50K
78.0,Bachelors,Professional,40.0,Northeast,M,<=50K
26.0,Bachelors,Professional,38.0,South,M,<=50K
53.0,Some-college,Tech,47.0,West,F,>50K
49.0,Masters,Professional,50.0,Northeast,M,>50K
44.0,Some-college,Admin,48.0,West,M,>50K
47.0,Bachelors,Professional,33.0,Northeast,F,<=50K
44.0,HS,Service,33.0,West,F,<=50K
42.0,Some-college,Tech,36.0,South,M,<=50K
34.0,Bachelors,Sales,16.0,South,M,>50K
44.0,Some-college,Sales,29.0,South,M,<=50K
60.0,Some-college,Professional,40.0,South,F,<=50K
72.0,Bachelors,Professional,35.0,Northeast,M,<=50K
51.0,Bachelors,Craft,34.0,West,M,>50K
86.0,Masters,Tech,46.0,South,M,>50K
80.0,Masters,Tech,43.0,Midwest,M,>50K
30.0,Masters,Professional,45.0,South,F,<=50K
55.0,Bachelors,Professional,40.0,South,M,>50K
55.0,Some-college,Professional,38.0,Northeast,F,<=50K
63.0,HS,Craft,34.0,Midwest,F,<=50K
73.0,Bachelors,Professional,43.0,South,F,>50K
47.0,Some-college,Admin,25.0,Midwest,F,<=50K
70.0,HS,Tech,33.0,West,F,<=50K
32.0,Masters,Professional,44.0,West,M,<=50K
63.0,HS,Craft,49.0,Northeast,F,<=50K
38.0,Bachelors,Tech,39.0,Midwest,F,>50K
38.0,Bachelors,Professional,30.0,South,F,<=50K
68.0,Bachelors,Professional,46.0,Midwest,M,>50K
44.0,Doctorate,Tech,34.0,South,M,<=50K
63.0,Bachelors,Tech,40.0,South,M,>50K
52.0,Some-college,Craft,33.0,Midwest,F,<=50K
57.0,Doctorate,Professional,57.0,South,M,>50K
48.0,Some-college,Professional,54.0,South,M,<=50K
33.0,HS,Professional,32.0,Midwest,F,<=50K
76.0,Some-college,Professional,30.0,South,F,<=50K
76.0,Some-college,Tech,40.0,South,M,<=50K
55.0,Bachelors,Professional,47.0,South,M,<=50K
51.0,Bachelors,Professional,52.0,South,F,>50K
43.0,HS,Craft,40.0,South,M,<=50K
41.0,Bachelors,Professional,29.0,West,F,<=50K
40.0,Doctorate,Professional,43.0,Northeast,M,>50K
36.0,Some-college,Professional,42.0,Midwest,M,<=50K
51.0,Bachelors,Admin,28.0,Northeast,F,<=50K
75.0,Masters,Professional,38.0,South,M,<=50K
47.0,Masters,Professional,38.0,South,F,<=50K
60.0,Some-college,Professional,33.0,Northeast,F,<=50K
61.0,Some-college,Tech,43.0,South,M,<=50K
43.0,HS,Sales,49.0,West,F,<=50K
64.0,Masters,Professional,50.0,South,M,>50K
52.0,Masters,Professional,34.0,South,F,>50K
80.0,HS,Craft,35.0,Northeast,F,<=50K
77.0,HS,Craft,46.0,South,M,<=50K
49.0,HS,Tech,38.0,South,M,<=50K
49.0,HS,Service,38.0,South,M,<=50K
86.0,Masters,Professional,57.0,West,F,<=50K
41.0,Bachelors,Tech,18.0,South,M,<=50K
90.0,Doctorate,Professional,32.0,South,F,>50K
76.0,Masters,Professional,33.0,West,M,<=50K
47.0,Bachelors,Professional,40.0,West,F,<=50K
52.0,Masters,Professional,56.0,Midwest,M,>50K
68.0,Some-college,Professional,40.0,Midwest,M,>50K
39.0,HS,Sales,37.0,Northeast,F,<=50K
40.0,Bachelors,Professional,41.0,South,F,>50K
68.0,Masters,Professional,38.0,Midwest,F,>50K
58.0,HS,Professional,45.0,Midwest,M,<=50K
60.0,Masters,Professional,63.0,West,M,<=50K
90.0,Masters,Professional,32.0,West,M,>50K
57.0,Some-college,Craft,40.0,Midwest,M,<=50K
47.0,Bachelors,Professional,40.0,Northeast,M,<=50K
71.0,Bachelors,Professional,23.0,South,F,>50K
63.0,Bachelors,Professional,47.0,West,M,>50K
47.0,Masters,Professional,40.0,West,M,>50K
41.0,Some-college,Professional,23.0,West,F,<=50K
60.0,Masters,Tech,39.0,South,F,<=50K
47.0,Masters,Professional,42.0,West,F,>50K
43.0,Masters,Professional,33.0,West,M,<=50K
44.0,HS,Professional,50.0,Northeast,F,<=50K
78.0,HS,Admin,35.0,West,M,<=50K
51.0,Bachelors,Professional,28.0,West,F,>50K
57.0,Some-college,Tech,48.0,West,F,>50K
36.0,Some-college,Professional,38.0,West,F,<=50K
37.0,Some-college,Professional,41.0,South,F,<=50K
33.0,HS,Service,25.0,West,F,<=50K
55.0,Some-college,Tech,29.0,Midwest,F,<=50K
44.0,Some-college,Professional,32.0,West,F,<=50K
30.0,Some-college,Professional,37.0,Northeast,M,<=50K
90.0,Masters,Professional,36.0,South,M,<=50K
54.0,HS,Sales,53.0,South,M,<=50K
43.0,Masters,Professional,54.0,West,F,<=50K
71.0,HS,Admin,42.0,West,F,<=50K
60.0,Doctorate,Professional,41.0,Midwest,M,<=50K
59.0,HS,Admin,58.0,South,F,<=50K
81.0,Masters,Professional,40.0,Midwest,M,>50K
50.0,Masters,Tech,50.0,South,M,<=50K
66.0,Bachelors,Professional,37.0,South,M,<=50K
41.0,Bachelors,Craft,39.0,Midwest,F,<=50K
39.0,Some-college,Service,37.0,South,M,<=50K
40.0,HS,Professional,34.0,West,F,>50K
57.0,Bachelors,Craft,45.0,Midwest,M,<=50K
54.0,Masters,Professional,34.0,Northeast,M,<=50K
46.0,Some-college,Professional,40.0,West,F,<=50K
60.0,HS,Service,45.0,Midwest,F,<=50K
73.0,Some-college,Admin,59.0,West,M,<=50K
36.0,Bachelors,Admin,23.0,South,F,<=50K
64.0,Bachelors,Professional,42.0,Northeast,M,>50K
69.0,Masters,Professional,47.0,Northeast,M,<=50K
59.0,Bachelors,Tech,38.0,South,M,>50K
62.0,Bachelors,Professional,49.0,Midwest,F,>50K
49.0,HS,Craft,46.0,West,M,<=50K
38.0,Doctorate,Professional,44.0,South,F,>50K
73.0,Bachelors,Craft,37.0,Northeast,M,<=50K
43.0,Masters,Professional,39.0,Northeast,F,<=50K
63.0,Some-college,Professional,39.0,West,M,>50K
80.0,Bachelors,Professional,31.0,South,F,<=50K
72.0,Bachelors,Professional,42.0,Midwest,F,<=50K
56.0,Doctorate,Tech,32.0,Midwest,F,>50K
57.0,Masters,Professional,33.0,Northeast,F,<=50K
73.0,Masters,Professional,29.0,Midwest,F,<=50K
77.0,Doctorate,Professional,50.0,Northeast,F,<=50K
40.0,Some-college,Service,35.0,South,M,<=50K
36.0,Bachelors,Craft,32.0,Northeast,F,<=50K
59.0,Some-college,Professional,48.0,Northeast,M,>50K
63.0,Masters,Professional,38.0,Midwest,M,<=50K
54.0,Bachelors,Tech,44.0,South,M,>50K
54.0,Masters,Professional,40.0,Midwest,M,>50K
47.0,Doctorate,Professional,44.0,Northeast,M,<=50K
57.0,HS,Tech,43.0,Northeast,F,<=50K
35.0,Doctorate,Professional,20.0,South,M,<=50K
62.0,Bachelors,Professional,54.0,Northeast,F,>50K
69.0,Bachelors,Craft,50.0,West,F,<=50K
62.0,HS,Service,29.0,Midwest,M,<=50K
40.0,Some-college,Tech,48.0,South,F,<=50K
47.0,HS,Service,39.0,Midwest,M,<=50K
57.0,Bachelors,Tech,42.0,South,F,<=50K
52.0,Bachelors,Tech,52.0,South,M,<=50K
57.0,Doctorate,Professional,50.0,South,F,<=50K
59.0,Some-college,Craft,50.0,Midwest,M,<=50K
40.0,Masters,Professional,57.0,Midwest,M,<=50K
61.0,Masters,Professional,51.0,South,F,>50K
90.0,Doctorate,Professional,32.0,South,F,>50K
48.0,Some-college,Craft,30.0,Midwest,M,<=50K
43.0,Bachelors,Tech,48.0,Northeast,F,<=50K
58.0,HS,Professional,27.0,Midwest,F,<=50K
56.0,Some-college,Tech,38.0,South,M,<=50K
70.0,Bachelors,Professional,38.0,South,M,<=50K
64.0,Bachelors,Professional,35.0,West,M,>50K
71.0,Some-college,Service,52.0,South,M,<=50K
48.0,Some-college,Admin,44.0,South,M,<=50K
70.0,Masters,Tech,39.0,Midwest,F,>50K
65.0,Some-college,Sales,49.0,Midwest,M,<=50K
76.0,Bachelors,Professional,37.0,South,M,>50K
79.0,Some-college,Professional,50.0,Midwest,M,<=50K
42.0,Masters,Professional,58.0,Northeast,M,>50K
41.0,Doctorate,Professional,39.0,South,F,<=50K
46.0,Bachelors,Tech,39.0,Midwest,M,<=50K
79.0,Bachelors,Professional,50.0,Northeast,M,<=50K
59.0,Doctorate,Professional,25.0,West,M,<=50K
36.0,Bachelors,Professional,29.0,West,M,<=50K
51.0,Some-college,Sales,32.0,West,M,<=50K
35.0,HS,Professional,25.0,South,F,<=50K
90.0,Bachelors,Professional,37.0,Midwest,M,<=50K
63.0,Doctorate,Professional,44.0,West,F,<=50K
38.0,Some-college,Craft,40.0,West,F,<=50K
60.0,Doctorate,Professional,41.0,South,M,<=50K
90.0,Bachelors,Professional,45.0,South,F,>50K
61.0,Bachelors,Professional,51.0,Midwest,F,>50K
37.0,Masters,Professional,50.0,South,M,<=50K
48.0,Some-college,Professional,40.0,South,F,<=50K
66.0,Bachelors,Tech,41.0,Northeast,F,>50K
88.0,Some-college,Tech,51.0,Northeast,M,>50K
67.0,HS,Professional,45.0,South,F,<=50K
64.0,Some-college,Professional,53.0,South,M,<=50K
40.0,Bachelors,Tech,36.0,South,F,<=50K
66.0,Some-college,Admin,41.0,Midwest,F,<=50K
84.0,HS,Tech,33.0,South,F,<=50K
42.0,Bachelors,Tech,40.0,South,F,<=50K
42.0,Some-college,Craft,44.0,South,F,<=50K
42.0,Some-college,Tech,36.0,South,F,<=50K
60.0,Some-college,Admin,58.0,South,F,<=50K
52.0,HS,Tech,28.0,South,M,<=50K
88.0,Doctorate,Professional,45.0,Midwest,M,>50K
80.0,Bachelors,Professional,30.0,West,F,<=50K
65.0,Bachelors,Professional,44.0,West,M,<=50K
59.0,Masters,Tech,35.0,West,M,<=50K
35.0,Masters,Professional,40.0,Midwest,F,>50K
50.0,Bachelors,Tech,42.0,Midwest,M,<=50K
54.0,Bachelors,Craft,34.0,Northeast,F,<=50K
86.0,Bachelors,Tech,28.0,South,M,<=50K
55.0,Masters,Professional,35.0,Midwest,F,<=50K
75.0,Masters,Craft,40.0,South,M,<=50K
61.0,Some-college,Professional,48.0,South,M,<=50K
65.0,Bachelors,Professional,55.0,South,M,>50K
48.0,Bachelors,Tech,26.0,West,M,<=50K
36.0,Bachelors,Professional,43.0,South,M,<=50K
69.0,Bachelors,Tech,37.0,Midwest,F,>50K
74.0,Doctorate,Tech,41.0,South,M,>50K
32.0,Bachelors,Professional,41.0,South,M,<=50K
47.0,Masters,Professional,48.0,South,M,<=50K
53.0,Bachelors,Professional,45.0,Northeast,F,<=50K
66.0,Some-college,Professional,41.0,Northeast,M,<=50K
38.0,HS,Craft,53.0,West,M,<=50K
90.0,Bachelors,Professional,40.0,South,F,<=50K
51.0,Bachelors,Professional,41.0,Northeast,F,<=50K
62.0,Masters,Professional,51.0,Northeast,F,>50K
54.0,Bachelors,Professional,31.0,South,M,<=50K
76.0,Some-college,Professional,32.0,West,F,>50K
67.0,Some-college,Professional,54.0,Northeast,F,<=50K
74.0,Masters,Professional,39.0,West,F,>50K
49.0,Bachelors,Tech,26.0,West,F,<=50K
60.0,Some-college,Professional,48.0,South,M,<=50K
65.0,Masters,Professional,51.0,Northeast,F,<=50K
90.0,Some-college,Professional,31.0,Midwest,F,<=50K
70.0,Bachelors,Professional,30.0,West,M,<=50K
55.0,Bachelors,Professional,41.0,West,M,>50K
83.0,Bachelors,Professional,42.0,Northeast,F,>50K
46.0,HS,Craft,36.0,South,M,<=50K
62.0,Masters,Craft,33.0,West,M,>50K
61.0,Doctorate,Professional,46.0,Midwest,F,>50K
49.0,HS,Sales,45.0,South,M,<=50K
51.0,Bachelors,Professional,28.0,Northeast,M,<=50K
63.0,Masters,Tech,32.0,South,F,<=50K
35.0,Doctorate,Professional,36.0,Northeast,M,<=50K
57.0,Some-college,Professional,36.0,West,M,<=50K
31.0,HS,Professional,40.0,South,M,<=50K
30.0,Some-college,Professional,42.0,Northeast,M,<=50K
72.0,Doctorate,Professional,56.0,Midwest,F,>50K
53.0,Bachelors,Professional,44.0,West,M,<=50K
67.0,Bachelors,Craft,49.0,West,M,<=50K
60.0,Doctorate,Tech,28.0,West,F,>50K
29.0,HS,Tech,32.0,South,F,<=50K
79.0,HS,Sales,49.0,Northeast,F,<=50K
52.0,Masters,Professional,29.0,South,M,<=50K
47.0,Masters,Professional,52.0,South,F,>50K
50.0,HS,Professional,46.0,South,F,<=50K
24.0,Bachelors,Professional,37.0,Midwest,M,>50K
31.0,Bachelors,Craft,37.0,Northeast,M,<=50K
68.0,Bachelors,Professional,31.0,South,M,<=50K
31.0,Some-college,Craft,29.0,South,M,<=50K
61.0,Some-college,Tech,37.0,South,F,<=50K
66.0,Some-college,Professional,37.0,South,M,<=50K
38.0,Bachelors,Tech,50.0,Midwest,M,>50K
39.0,Some-college,Professional,31.0,South,M,<=50K
37.0,Masters,Craft,34.0,West,F,<=50K
41.0,Bachelors,Professional,25.0,South,M,<=50K
49.0,HS,Professional,42.0,South,M,<=50K
44.0,Bachelors,Professional,40.0,Midwest,F,<=50K
47.0,Masters,Professional,50.0,South,M,>50K
41.0,Bachelors,Craft,56.0,West,M,<=50K
90.0,Masters,Professional,42.0,Midwest,F,<=50K
54.0,Bachelors,Professional,34.0,South,M,<=50K
45.0,Bachelors,Professional,42.0,Midwest,F,>50K
39.0,Some-college,Professional,42.0,West,F,<=50K
62.0,Masters,Professional,41.0,Northeast,M,<=50K
54.0,HS,Professional,32.0,Midwest,M,<=50K
69.0,Masters,Professional,44.0,South,F,>50K
53.0,HS,Craft,31.0,Midwest,F,<=50K
66.0,HS,Tech,40.0,Northeast,F,<=50K
44.0,Bachelors,Tech,38.0,Midwest,F,<=50K
32.0,Some-college,Professional,16.0,Midwest,F,<=50K
45.0,Bachelors,Professional,46.0,South,M,<=50K
40.0,Bachelors,Professional,58.0,West,M,<=50K
40.0,Bachelors,Professional,37.0,Midwest,M,>50K
65.0,Some-college,Professional,36.0,Northeast,F,>50K
61.0,Bachelors,Tech,49.0,South,M,>50K
55.0,Bachelors,Professional,30.0,Northeast,F,<=50K
46.0,Bachelors,Professional,41.0,South,M,<=50K
63.0,Doctorate,Professional,43.0,Midwest,F,<=50K
51.0,Some-college,Tech,36.0,Midwest,F,<=50K
56.0,Bachelors,Professional,41.0,South,F,<=50K
66.0,Masters,Professional,34.0,South,M,<=50K
49.0,Some-college,Professional,36.0,West,M,<=50K
47.0,HS,Professional,46.0,South,F,<=50K
73.0,Some-college,Tech,33.0,South,M,<=50K
48.0,Masters,Professional,36.0,Midwest,F,<=50K
52.0,Some-college,Craft,35.0,South,F,>50K
73.0,Masters,Professional,45.0,South,F,<=50K
50.0,Some-college,Professional,38.0,Northeast,M,<=50K
46.0,Bachelors,Tech,33.0,West,M,<=50K
86.0,Some-college,Craft,41.0,West,M,<=50K
64.0,Some-college,Professional,24.0,South,F,<=50K
40.0,Bachelors,Tech,24.0,South,F,<=50K
54.0,Bachelors,Tech,44.0,Northeast,M,<=50K
46.0,Masters,Professional,56.0,Northeast,F,<=50K
50.0,HS,Professional,37.0,Midwest,F,<=50K
80.0,Masters,Professional,42.0,South,M,<=50K
33.0,Masters,Professional,27.0,Northeast,M,<=50K
34.0,Masters,Professional,40.0,West,M,<=50K
62.0,Some-college,Tech,43.0,West,F,<=50K
45.0,Some-college,Professional,45.0,South,F,<=50K
43.0,Some-college,Tech,34.0,Midwest,F,>50K
36.0,Bachelors,Tech,56.0,West,M,<=50K
79.0,Bachelors,Professional,31.0,Midwest,M,>50K
76.0,Bachelors,Professional,53.0,South,M,>50K
50.0,Bachelors,Professional,32.0,West,F,<=50K
45.0,HS,Tech,47.0,Midwest,F,<=50K
64.0,Some-college,Craft,53.0,Midwest,M,<=50K
70.0,Some-college,Service,59.0,West,F,<=50K
59.0,HS,Service,40.0,South,M,>50K
52.0,Bachelors,Tech,27.0,Midwest,M,<=50K
39.0,Bachelors,Tech,47.0,Northeast,F,<=50K
56.0,Doctorate,Professional,35.0,Northeast,F,>50K
90.0,Masters,Professional,28.0,Midwest,M,>50K
41.0,Bachelors,Professional,35.0,South,M,<=50K
31.0,Masters,Tech,30.0,South,M,<=50K
34.0,Some-college,Professional,45.0,Northeast,M,<=50K
51.0,Bachelors,Professional,43.0,Midwest,M,>50K
73.0,Masters,Professional,46.0,West,M,>50K
74.0,Masters,Professional,48.0,Northeast,M,>50K
46.0,Bachelors,Professional,37.0,West,M,>50K
46.0,Some-college,Professional,47.0,South,F,>50K
82.0,Some-college,Professional,50.0,South,M,>50K
56.0,Bachelors,Professional,57.0,Midwest,F,<=50K
68.0,Some-college,Tech,42.0,South,F,<=50K
52.0,Bachelors,Professional,39.0,South,M,>50K
66.0,Bachelors,Sales,33.0,Northeast,F,<=50K
55.0,Bachelors,Tech,38.0,South,M,<=50K
78.0,HS,Tech,40.0,Midwest,M,<=50K
42.0,Masters,Professional,42.0,Northeast,M,<=50K
38.0,Some-college,Professional,28.0,South,F,<=50K
62.0,HS,Professional,38.0,South,M,<=50K
31.0,HS,Tech,36.0,Northeast,M,<=50K
61.0,Some-college,Tech,36.0,Northeast,M,<=50K
74.0,Masters,Professional,35.0,West,M,>50K
62.0,Masters,Professional,44.0,Northeast,M,>50K
56.0,HS,Sales,33.0,Midwest,F,<=50K
64.0,Bachelors,Professional,45.0,South,M,<=50K
56.0,Bachelors,Professional,32.0,South,M,<=50K
35.0,HS,Craft,41.0,West,M,<=50K
52.0,Some-college,Tech,32.0,South,F,<=50K
42.0,HS,Professional,50.0,Midwest,M,<=50K
82.0,Some-college,Professional,45.0,Northeast,M,<=50K
67.0,HS,Admin,53.0,South,F,<=50K
51.0,Some-college,Craft,34.0,Northeast,F,<=50K
59.0,Some-college,Tech,30.0,West,F,<=50K
50.0,Some-college,Sales,30.0,West,M,<=50K
80.0,Some-college,Craft,38.0,West,F,<=50K
43.0,Masters,Professional,49.0,Northeast,M,<=50K
90.0,Bachelors,Tech,43.0,West,F,<=50K
74.0,Bachelors,Professional,46.0,Northeast,F,<=50K
40.0,Bachelors,Tech,29.0,Midwest,F,>50K
48.0,Masters,Tech,50.0,West,F,>50K
58.0,Masters,Tech,48.0,Midwest,F,<=50K
63.0,Some-college,Professional,37.0,South,F,<=50K
73.0,Some-college,Admin,19.0,Midwest,F,<=50K
48.0,Some-college,Professional,34.0,Midwest,M,<=50K
42.0,Some-college,Professional,39.0,West,M,<=50K
54.0,Bachelors,Professional,55.0,West,F,<=50K
29.0,Some-college,Professional,40.0,South,M,<=50K
42.0,Masters,Craft,40.0,South,F,<=50K
48.0,Bachelors,Professional,54.0,Northeast,M,>50K
39.0,Doctorate,Professional,53.0,Northeast,F,>50K
90.0,Masters,Professional,41.0,West,M,>50K
66.0,Some-college,Professional,46.0,Northeast,M,<=50K
53.0,Masters,Tech,52.0,West,M,<=50K
66.0,HS,Sales,35.0,West,F,>50K
54.0,Masters,Professional,45.0,West,M,>50K
45.0,Bachelors,Tech,37.0,West,M,<=50K
62.0,Bachelors,Professional,33.0,South,M,<=50K
38.0,HS,Service,44.0,Midwest,F,<=50K
43.0,Doctorate,Professional,50.0,Northeast,M,>50K
71.0,Bachelors,Professional,57.0,South,M,>50K
56.0,Bachelors,Professional,48.0,Northeast,M,>50K
68.0,Masters,Professional,51.0,West,F,<=50K
59.0,Bachelors,Professional,40.0,Midwest,F,<=50K
37.0,Some-college,Tech,27.0,South,M,<=50K
47.0,Bachelors,Professional,35.0,Midwest,F,<=50K
72.0,Some-college,Tech,44.0,West,F,<=50K
52.0,Masters,Tech,36.0,West,M,<=50K
68.0,Bachelors,Professional,57.0,West,F,<=50K
54.0,Masters,Professional,52.0,South,M,<=50K
38.0,HS,Sales,38.0,South,F,<=50K
70.0,Masters,Tech,56.0,West,F,>50K
49.0,Bachelors,Craft,47.0,South,F,<=50K
32.0,Doctorate,Professional,53.0,West,M,>50K
84.0,Some-college,Tech,37.0,South,M,<=50K
51.0,Doctorate,Professional,48.0,West,F,>50K
46.0,Bachelors,Tech,39.0,West,F,>50K
28.0,Bachelors,Admin,38.0,South,M,<=50K
48.0,Some-college,Craft,51.0,Northeast,M,>50K
58.0,Bachelors,Professional,58.0,South,M,<=50K
32.0,Bachelors,Professional,40.0,Northeast,M,>50K
48.0,Some-college,Tech,44.0,South,F,<=50K
29.0,HS,Professional,30.0,South,M,<=50K
70.0,Some-college,Craft,39.0,West,M,>50K
54.0,Masters,Professional,46.0,South,F,>50K
70.0,Bachelors,Tech,30.0,South,F,<=50K
86.0,Masters,Professional,35.0,South,M,<=50K
44.0,Bachelors,Professional,31.0,West,F,<=50K
27.0,Bachelors,Professional,39.0,Northeast,M,<=50K
71.0,Bachelors,Craft,49.0,West,M,>50K
42.0,Some-college,Tech,43.0,South,M,<=50K
30.0,Masters,Professional,36.0,South,F,>50K
62.0,Bachelors,Professional,33.0,Midwest,F,<=50K
42.0,Bachelors,Professional,27.0,South,F,<=50K
90.0,Some-college,Craft,38.0,Northeast,F,>50K
66.0,Bachelors,Craft,54.0,West,F,<=50K
31.0,Some-college,Craft,36.0,South,M,<=50K
54.0,Some-college,Sales,41.0,West,M,<=50K
45.0,Masters,Professional,37.0,South,F,>50K
67.0,Some-college,Craft,32.0,Midwest,M,<=50K
50.0,Some-college,Professional,50.0,Northeast,F,<=50K
76.0,Masters,Professional,46.0,West,M,<=50K
64.0,Masters,Tech,29.0,South,F,<=50K
90.0,Bachelors,Tech,27.0,Midwest,M,<=50K
61.0,Bachelors,Professional,53.0,West,M,>50K
45.0,Bachelors,Professional,33.0,Midwest,F,<=50K
53.0,HS,Craft,41.0,Midwest,M,<=50K
43.0,HS,Tech,32.0,Midwest,M,>50K
39.0,HS,Craft,43.0,South,F,>50K
57.0,Bachelors,Professional,35.0,West,M,<=50K
62.0,Bachelors,Professional,36.0,Midwest,M,<=50K
49.0,HS,Professional,32.0,Northeast,F,>50K
54.0,Some-college,Professional,58.0,West,F,>50K
40.0,Some-college,Professional,62.0,West,M,<=50K
44.0,Some-college,Professional,43.0,Midwest,M,<=50K
47.0,Bachelors,Professional,47.0,South,M,<=50K
32.0,Doctorate,Professional,43.0,Midwest,F,<=50K
45.0,Some-college,Admin,41.0,South,F,<=50K
39.0,Bachelors,Professional,39.0,South,F,<=50K
47.0,Some-college,Professional,38.0,South,M,<=50K
30.0,Some-college,Professional,45.0,West,F,<=50K
59.0,Some-college,Tech,31.0,Midwest,M,<=50K
75.0,Bachelors,Professional,33.0,West,F,<=50K
51.0,Some-college,Tech,47.0,South,F,<=50K
60.0,Bachelors,Professional,29.0,West,M,<=50K
54.0,Bachelors,Professional,55.0,West,M,<=50K
65.0,Some-college,Professional,39.0,West,M,<=50K
53.0,Doctorate,Professional,43.0,Northeast,F,<=50K
34.0,HS,Admin,51.0,West,F,<=50K
86.0,Masters,Professional,38.0,West,M,>50K
34.0,Doctorate,Professional,40.0,Midwest,F,<=50K
62.0,Some-college,Professional,36.0,Northeast,M,<=50K
66.0,Masters,Professional,46.0,South,M,>50K
36.0,Masters,Tech,45.0,West,F,<=50K
46.0,Bachelors,Professional,33.0,Midwest,F,<=50K
48.0,HS,Professional,47.0,Midwest,M,<=50K
54.0,Masters,Professional,50.0,Midwest,F,<=50K
66.0,Bachelors,Craft,45.0,South,M,<=50K
36.0,Some-college,Tech,33.0,Midwest,F,<=50K
49.0,Masters,Tech,49.0,West,M,<=50K
68.0,Some-college,Tech,53.0,Midwest,M,<=50K
70.0,Masters,Tech,37.0,Northeast,F,<=50K
71.0,Some-college,Professional,25.0,South,F,<=50K
66.0,Bachelors,Professional,35.0,West,F,<=50K
49.0,HS,Craft,41.0,Midwest,F,<=50K
39.0,Some-college,Craft,51.0,Midwest,M,<=50K
72.0,Some-college,Admin,51.0,Midwest,F,<=50K
50.0,Some-college,Professional,47.0,South,M,<=50K
65.0,Bachelors,Tech,36.0,Midwest,F,<=50K
40.0,Some-college,Professional,47.0,South,M,<=50K
33.0,Bachelors,Professional,39.0,South,F,<=50K
59.0,Masters,Tech,33.0,Midwest,F,<=50K
82.0,Bachelors,Professional,24.0,Midwest,M,<=50K
45.0,HS,Professional,49.0,West,M,<=50K
36.0,Some-college,Admin,25.0,Midwest,F,<=50K
60.0,Bachelors,Professional,52.0,Northeast,F,>50K
59.0,Masters,Professional,61.0,West,F,>50K
45.0,Masters,Professional,41.0,West,M,<=50K
35.0,Masters,Professional,32.0,South,F,<=50K
81.0,Bachelors,Tech,34.0,Midwest,M,<=50K
46.0,Bachelors,Craft,35.0,West,F,<=50K
79.0,HS,Admin,43.0,Northeast,F,<=50K
35.0,Masters,Professional,48.0,South,F,<=50K
57.0,Bachelors,Professional,35.0,Midwest,F,<=50K
42.0,Bachelors,Tech,37.0,West,F,<=50K
49.0,Some-college,Professional,35.0,South,M,<=50K
60.0,Bachelors,Tech,51.0,Midwest,F,>50K
48.0,Some-college,Craft,50.0,South,M,<=50K
65.0,Masters,Professional,34.0,South,M,<=50K
57.0,HS,Tech,39.0,West,M,>50K
43.0,Masters,Professional,42.0,Northeast,F,<=50K
36.0,Bachelors,Professional,24.0,South,F,<=50K
40.0,Doctorate,Tech,35.0,South,M,>50K
67.0,Bachelors,Professional,42.0,Midwest,F,<=50K
39.0,Some-college,Professional,28.0,South,F,<=50K
30.0,Bachelors,Tech,40.0,Midwest,F,<=50K
65.0,Bachelors,Professional,42.0,Midwest,F,>50K
70.0,Bachelors,Tech,36.0,Northeast,M,<=50K
37.0,HS,Craft,49.0,West,F,<=50K
63.0,Some-college,Admin,33.0,Northeast,M,<=50K
43.0,Some-college,Professional,44.0,West,M,<=50K
38.0,Some-college,Tech,38.0,Midwest,M,<=50K
61.0,HS,Professional,51.0,South,F,<=50K
39.0,HS,Admin,33.0,Northeast,F,<=50K
62.0,Bachelors,Professional,47.0,Midwest,M,<=50K
51.0,Masters,Professional,47.0,West,M,>50K
37.0,Some-college,Sales,49.0,Midwest,F,<=50K
69.0,Masters,Professional,55.0,South,F,>50K
43.0,Masters,Professional,27.0,West,F,<=50K
47.0,Masters,Professional,40.0,West,F,>50K
62.0,Some-college,Sales,32.0,Midwest,F,<=50K
73.0,Bachelors,Professional,49.0,West,M,<=50K
45.0,HS,Tech,53.0,West,M,<=50K
52.0,Some-college,Craft,39.0,Midwest,M,>50K
40.0,Bachelors,Professional,42.0,Northeast,M,<=50K
34.0,HS,Sales,50.0,Northeast,F,<=50K
58.0,Masters,Professional,43.0,South,M,<=50K
62.0,Masters,Professional,40.0,West,F,>50K
75.0,Bachelors,Professional,26.0,South,M,<=50K
50.0,Masters,Professional,35.0,Midwest,M,<=50K
90.0,Some-college,Tech,46.0,South,M,<=50K
41.0,HS,Professional,28.0,West,M,<=50K
43.0,Some-college,Tech,43.0,West,F,<=50K
57.0,Bachelors,Admin,43.0,South,F,<=50K
32.0,Some-college,Professional,38.0,Northeast,M,<=50K
60.0,Some-college,Professional,48.0,West,M,<=50K
51.0,Doctorate,Professional,35.0,South,F,<=50K
54.0,Bachelors,Tech,53.0,Northeast,M,<=50K
35.0,Bachelors,Craft,35.0,West,F,<=50K
48.0,Bachelors,Professional,50.0,South,F,>50K
60.0,Bachelors,Professional,36.0,South,F,<=50K
63.0,Bachelors,Tech,44.0,Midwest,F,<=50K
54.0,Some-college,Professional,39.0,Midwest,M,<=50K
65.0,HS,Craft,56.0,Midwest,F,<=50K
90.0,Doctorate,Professional,29.0,South,F,<=50K
50.0,Some-college,Professional,36.0,Northeast,F,<=50K
37.0,HS,Professional,52.0,South,M,<=50K
90.0,Some-college,Craft,45.0,Midwest,M,<=50K
41.0,HS,Service,40.0,Northeast,F,<=50K
75.0,Doctorate,Professional,38.0,South,F,<=50K
60.0,Bachelors,Sales,30.0,Northeast,M,<=50K
42.0,Masters,Professional,38.0,Midwest,F,>50K
66.0,Doctorate,Professional,44.0,West,M,>50K
90.0,Masters,Professional,48.0,Northeast,F,<=50K
28.0,Bachelors,Professional,46.0,Northeast,F,<=50K
58.0,Some-college,Professional,54.0,Midwest,M,<=50K
54.0,Bachelors,Tech,45.0,West,M,<=50K
82.0,Some-college,Professional,33.0,South,F,<=50K
65.0,Bachelors,Professional,38.0,South,M,<=50K
38.0,Some-college,Service,53.0,Northeast,M,<=50K
27.0,Masters,Professional,38.0,Northeast,M,<=50K
60.0,Masters,Tech,54.0,West,M,>50K
66.0,Bachelors,Professional,27.0,South,F,<=50K
47.0,HS,Admin,37.0,Midwest,M,<=50K
50.0,Bachelors,Professional,34.0,South,M,<=50K
39.0,Masters,Professional,42.0,Midwest,M,<=50K
64.0,Bachelors,Tech,35.0,Midwest,F,>50K
54.0,HS,Tech,30.0,South,M,<=50K
65.0,Bachelors,Professional,41.0,West,M,<=50K
49.0,Masters,Tech,21.0,South,F,<=50K
42.0,HS,Service,35.0,West,F,<=50K
44.0,Bachelors,Tech,44.0,Northeast,F,<=50K
89.0,HS,Service,28.0,South,M,<=50K
75.0,Bachelors,Craft,40.0,South,M,>50K
71.0,Doctorate,Professional,33.0,Midwest,F,>50K
76.0,Bachelors,Admin,37.0,South,F,<=50K
50.0,Bachelors,Tech,43.0,South,M,<=50K
53.0,Some-college,Admin,45.0,South,F,<=50K
36.0,Bachelors,Tech,43.0,Northeast,M,<=50K
64.0,Doctorate,Professional,35.0,West,F,<=50K
74.0,Masters,Professional,54.0,West,M,>50K
48.0,Some-college,Professional,44.0,Midwest,F,<=50K
88.0,Bachelors,Tech,32.0,Midwest,F,<=50K
41.0,Bachelors,Professional,52.0,West,M,>50K
51.0,Doctorate,Professional,38.0,South,M,<=50K
56.0,Bachelors,Tech,59.0,South,F,>50K
73.0,Masters,Professional,48.0,West,F,>50K
76.0,Bachelors,Professional,39.0,South,M,>50K
43.0,HS,Tech,36.0,South,F,<=50K
69.0,Masters,Professional,34.0,West,M,>50K
90.0,Bachelors,Professional,31.0,West,M,>50K
45.0,Some-college,Tech,38.0,West,M,>50K
67.0,Some-college,Tech,53.0,West,F,<=50K
50.0,Some-college,Tech,43.0,South,M,<=50K
68.0,Some-college,Craft,40.0,Midwest,M,<=50K
49.0,HS,Tech,45.0,West,F,<=50K
68.0,Masters,Professional,38.0,Northeast,F,<=50K
24.0,Bachelors,Professional,26.0,West,F,<=50K
43.0,Masters,Professional,28.0,Northeast,F,<=50K
57.0,Some-college,Professional,54.0,Midwest,F,>50K
64.0,Bachelors,Tech,39.0,Northeast,F,<=50K
54.0,Bachelors,Professional,56.0,Midwest,M,>50K
45.0,Masters,Professional,58.0,South,M,<=50K
84.0,Masters,Professional,42.0,South,M,<=50K
48.0,Bachelors,Craft,48.0,Northeast,F,<=50K
73.0,Some-college,Admin,38.0,South,M,<=50K
50.0,HS,Tech,40.0,Northeast,M,<=50K
61.0,Some-college,Professional,42.0,Northeast,M,<=50K
59.0,Some-college,Craft,42.0,Northeast,F,<=50K
49.0,Some-college,Tech,54.0,South,F,<=50K
54.0,HS,Tech,41.0,South,M,<=50K
38.0,Masters,Professional,48.0,Midwest,M,>50K
50.0,Bachelors,Professional,42.0,Northeast,F,<=50K
52.0,HS,Sales,47.0,Midwest,M,<=50K
54.0,Some-college,Tech,58.0,Northeast,F,<=50K
43.0,HS,Sales,27.0,South,F,<=50K
44.0,Bachelors,Professional,51.0,South,F,<=50K
31.0,Masters,Professional,33.0,Midwest,M,<=50K
71.0,Some-college,Professional,43.0,Northeast,F,<=50K
44.0,Bachelors,Professional,38.0,South,M,<=50K
40.0,Some-college,Craft,36.0,Midwest,F,<=50K
29.0,Masters,Professional,26.0,South,F,<=50K
45.0,Masters,Tech,17.0,Midwest,M,<=50K
69.0,Bachelors,Tech,60.0,West,F,<=50K
85.0,Masters,Professional,47.0,West,M,>50K
30.0,Some-college,Professional,36.0,South,M,<=50K
83.0,Bachelors,Professional,23.0,Midwest,F,<=50K
45.0,HS,Admin,47.0,Northeast,F,<=50K
39.0,Bachelors,Professional,54.0,South,M,<=50K
53.0,Bachelors,Professional,45.0,South,F,<=50K
51.0,Some-college,Professional,26.0,West,M,<=50K
69.0,Bachelors,Tech,37.0,Midwest,M,<=50K
50.0,Some-college,Professional,44.0,West,F,<=50K
50.0,Some-college,Craft,41.0,Midwest,F,<=50K
54.0,Some-college,Professional,51.0,West,M,<=50K
62.0,Masters,Professional,33.0,West,F,<=50K
76.0,Bachelors,Tech,35.0,Northeast,M,<=50K
55.0,Masters,Professional,19.0,West,M,<=50K
63.0,Some-college,Professional,52.0,South,F,<=50K
69.0,HS,Sales,47.0,Northeast,M,<=50K
64.0,Bachelors,Professional,38.0,Midwest,F,<=50K
55.0,Masters,Professional,26.0,West,F,<=50K
43.0,Some-college,Tech,48.0,West,M,<=50K
46.0,Bachelors,Professional,28.0,Northeast,F,<=50K
44.0,Masters,Professional,29.0,West,F,>50K
83.0,Masters,Tech,22.0,West,M,<=50K
34.0,Some-college,Professional,26.0,West,F,<=50K
73.0,Bachelors,Professional,32.0,South,M,<=50K
74.0,HS,Tech,31.0,South,F,>50K
61.0,Bachelors,Professional,51.0,South,F,<=50K
47.0,Bachelors,Professional,47.0,Northeast,F,<=50K
55.0,Masters,Professional,42.0,South,F,>50K
61.0,HS,Service,36.0,West,F,<=50K
55.0,Some-college,Professional,41.0,West,M,<=50K
34.0,HS,Tech,27.0,South,F,<=50K
43.0,Masters,Professional,44.0,Northeast,M,>50K
50.0,HS,Craft,33.0,West,F,<=50K
42.0,HS,Craft,36.0,Northeast,M,<=50K
59.0,Doctorate,Professional,45.0,South,F,>50K
54.0,Bachelors,Professional,33.0,South,M,<=50K
87.0,Some-college,Tech,26.0,South,M,<=50K
48.0,Bachelors,Craft,50.0,Midwest,F,<=50K
51.0,Masters,Professional,26.0,South,F,>50K
84.0,Masters,Tech,27.0,South,M,<=50K
69.0,Bachelors,Professional,30.0,South,F,<=50K
41.0,Some-college,Professional,34.0,South,M,>50K
66.0,Masters,Professional,40.0,South,M,>50K
42.0,Bachelors,Professional,11.0,Northeast,M,<=50K
61.0,Masters,Professional,37.0,South,F,<=50K
90.0,Masters,Professional,50.0,South,F,>50K
51.0,Some-college,Professional,52.0,Midwest,F,<=50K
70.0,Doctorate,Professional,49.0,West,F,>50K
64.0,Some-college,Professional,41.0,Midwest,F,>50K
82.0,Masters,Professional,41.0,West,F,<=50K
47.0,Some-college,Professional,36.0,Northeast,M,<=50K
56.0,Bachelors,Professional,26.0,Northeast,F,<=50K
65.0,Bachelors,Professional,44.0,West,F,>50K
50.0,Some-college,Tech,51.0,South,M,<=50K
46.0,Bachelors,Tech,44.0,West,M,<=50K
59.0,Masters,Professional,41.0,South,F,<=50K
68.0,Doctorate,Professional,49.0,South,F,>50K
64.0,Masters,Professional,44.0,South,M,>50K
43.0,Some-college,Craft,51.0,West,M,<=50K
58.0,Masters,Professional,38.0,West,F,<=50K
56.0,Bachelors,Professional,25.0,Midwest,F,<=50K
78.0,Doctorate,Professional,44.0,South,M,<=50K
45.0,HS,Craft,49.0,West,F,<=50K
49.0,Masters,Professional,34.0,Midwest,F,<=50K
85.0,Some-college,Admin,41.0,South,F,<=50K
50.0,Masters,Tech,48.0,West,F,<=50K
42.0,Some-college,Professional,16.0,South,M,<=50K
48.0,Masters,Professional,63.0,South,F,>50K
48.0,Some-college,Tech,48.0,Midwest,F,<=50K
47.0,HS,Tech,39.0,West,F,<=50K
82.0,Some-college,Craft,29.0,South,M,<=50K
45.0,Some-college,Craft,26.0,Northeast,F,<=50K
36.0,Bachelors,Craft,70.0,South,M,<=50K
77.0,HS,Professional,37.0,South,F,<=50K
57.0,HS,Craft,48.0,West,F,<=50K
63.0,Some-college,Professional,35.0,Midwest,F,<=50K
58.0,Bachelors,Professional,38.0,Northeast,F,<=50K
62.0,Bachelors,Tech,47.0,West,F,<=50K
65.0,Some-college,Professional,33.0,Midwest,F,<=50K
58.0,HS,Professional,41.0,South,F,<=50K
36.0,Bachelors,Tech,37.0,South,M,<=50K
55.0,Some-college,Craft,46.0,South,M,<=50K
42.0,Masters,Professional,48.0,Midwest,F,<=50K
59.0,Some-college,Tech,40.0,South,F,<=50K
55.0,Bachelors,Tech,54.0,West,M,>50K
80.0,Some-college,Professional,35.0,West,F,<=50K
29.0,Bachelors,Professional,34.0,South,M,<=50K
43.0,Bachelors,Professional,41.0,Northeast,F,<=50K
42.0,Bachelors,Professional,38.0,Northeast,F,<=50K
41.0,Some-college,Professional,47.0,Midwest,F,<=50K
63.0,Bachelors,Professional,15.0,Midwest,F,>50K
40.0,Some-college,Professional,24.0,West,F,<=50K
41.0,Some-college,Tech,20.0,Northeast,F,<=50K
66.0,Masters,Professional,54.0,South,M,>50K
39.0,Doctorate,Professional,47.0,Midwest,F,>50K
35.0,Bachelors,Professional,33.0,South,M,<=50K
41.0,Bachelors,Craft,44.0,South,M,<=50K
56.0,Bachelors,Professional,25.0,West,M,>50K
37.0,Masters,Tech,37.0,West,M,<=50K
54.0,Bachelors,Professional,55.0,West,M,<=50K
44.0,Masters,Professional,46.0,South,M,>50K
69.0,Bachelors,Professional,61.0,Midwest,F,<=50K
51.0,Doctorate,Professional,37.0,West,F,>50K
88.0,Doctorate,Professional,49.0,Midwest,M,<=50K
52.0,HS,Service,42.0,South,M,<=50K
43.0,Bachelors,Tech,43.0,West,F,>50K
55.0,Bachelors,Professional,44.0,South,F,<=50K
51.0,HS,Service,48.0,South,M,<=50K
46.0,Some-college,Professional,53.0,South,F,>50K
90.0,Bachelors,Professional,38.0,Midwest,M,<=50K
77.0,Some-college,Professional,44.0,Midwest,F,<=50K
72.0,Bachelors,Professional,40.0,South,F,<=50K
72.0,HS,Service,43.0,Midwest,F,>50K
42.0,Bachelors,Professional,33.0,Midwest,F,<=50K
46.0,Masters,Professional,50.0,South,M,>50K
39.0,Bachelors,Tech,46.0,Midwest,F,<=50K
73.0,Bachelors,Tech,44.0,West,M,<=50K
88.0,Bachelors,Tech,38.0,Midwest,F,>50K
48.0,Some-college,Professional,35.0,West,F,<=50K
53.0,Masters,Professional,33.0,South,M,>50K
48.0,Bachelors,Professional,31.0,Midwest,F,<=50K
59.0,Doctorate,Professional,34.0,Northeast,M,>50K
56.0,Some-college,Professional,50.0,South,M,<=50K
59.0,Masters,Professional,45.0,West,M,<=50K
62.0,Some-college,Tech,28.0,West,M,<=50K
56.0,Bachelors,Tech,33.0,South,M,<=50K
50.0,Some-college,Professional,54.0,Midwest,F,<=50K
77.0,Masters,Professional,56.0,Northeast,F,>50K
61.0,Bachelors,Professional,49.0,Midwest,M,>50K
44.0,Bachelors,Professional,60.0,South,F,>50K
80.0,Doctorate,Professional,34.0,South,M,>50K
53.0,Bachelors,Professional,46.0,West,F,<=50K
69.0,Bachelors,Professional,35.0,West,F,>50K
53.0,Masters,Tech,62.0,South,F,<=50K
87.0,Bachelors,Professional,43.0,Northeast,F,<=50K
87.0,Bachelors,Tech,43.0,South,M,<=50K
55.0,Bachelors,Professional,45.0,South,F,<=50K
52.0,Bachelors,Tech,35.0,South,M,<=50K
50.0,Masters,Professional,41.0,South,M,>50K
62.0,Masters,Professional,21.0,Midwest,F,<=50K
63.0,Some-college,Admin,38.0,South,F,<=50K
32.0,Bachelors,Professional,30.0,Northeast,F,>50K
42.0,Masters,Professional,48.0,South,F,>50K
79.0,Bachelors,Craft,52.0,Midwest,M,<=50K
57.0,Bachelors,Professional,44.0,South,M,<=50K
32.0,Some-college,Admin,30.0,Midwest,M,<=50K
54.0,Bachelors,Tech,32.0,Northeast,F,>50K
44.0,Doctorate,Professional,48.0,Midwest,M,<=50K
48.0,Bachelors,Professional,39.0,West,F,<=50K
41.0,Some-college,Professional,38.0,West,F,<=50K
48.0,Bachelors,Craft,32.0,West,M,<=50K
40.0,Bachelors,Professional,43.0,South,M,<=50K
47.0,Masters,Professional,43.0,South,M,<=50K
43.0,HS,Admin,48.0,Midwest,F,<=50K
69.0,Some-college,Professional,33.0,Northeast,F,<=50K
49.0,Bachelors,Professional,41.0,West,F,>50K
57.0,HS,Service,29.0,South,F,<=50K
45.0,Masters,Professional,43.0,South,F,<=50K
66.0,HS,Admin,42.0,South,M,<=50K
57.0,Some-college,Admin,39.0,Midwest,M,<=50K
47.0,HS,Professional,50.0,South,F,<=50K
72.0,Some-college,Tech,30.0,Midwest,F,<=50K
51.0,Masters,Professional,56.0,Northeast,M,<=50K
90.0,Masters,Professional,42.0,West,M,<=50K
57.0,Masters,Professional,47.0,South,F,<=50K
56.0,Bachelors,Tech,45.0,Northeast,M,<=50K
57.0,HS,Admin,36.0,Midwest,F,<=50K
77.0,Bachelors,Professional,36.0,Northeast,M,<=50K
57.0,HS,Professional,51.0,West,F,<=50K
48.0,Some-college,Professional,42.0,South,M,<=50K
39.0,Some-college,Tech,43.0,West,M,<=50K
87.0,Bachelors,Tech,36.0,South,M,<=50K
77.0,Masters,Professional,48.0,Midwest,M,<=50K
83.0,Some-college,Tech,46.0,South,M,<=50K
53.0,Doctorate,Professional,30.0,South,F,<=50K
40.0,Bachelors,Professional,59.0,West,F,>50K
58.0,Masters,Professional,52.0,Northeast,F,>50K
42.0,Bachelors,Professional,49.0,Midwest,M,<=50K
47.0,Masters,Professional,45.0,South,M,>50K
76.0,Bachelors,Professional,40.0,South,M,<=50K
47.0,Doctorate,Professional,49.0,South,M,<=50K
38.0,HS,Craft,64.0,West,M,>50K
55.0,Bachelors,Tech,41.0,Northeast,F,<=50K
34.0,Bachelors,Professional,30.0,West,F,<=50K
62.0,Bachelors,Professional,42.0,Midwest,M,>50K
41.0,Bachelors,Admin,42.0,Midwest,M,<=50K
78.0,Some-college,Professional,49.0,Northeast,M,<=50K
37.0,Masters,Professional,29.0,South,M,<=50K
38.0,Bachelors,Tech,36.0,Midwest,M,<=50K
47.0,Bachelors,Professional,39.0,Midwest,F,>50K
27.0,Bachelors,Craft,47.0,West,F,<=50K
38.0,HS,Professional,51.0,South,F,<=50K
51.0,HS,Professional,44.0,Midwest,M,<=50K
62.0,Some-college,Tech,52.0,Midwest,F,<=50K
50.0,Some-college,Professional,43.0,Northeast,M,<=50K
61.0,Doctorate,Professional,43.0,Midwest,M,>50K
56.0,Bachelors,Professional,21.0,Northeast,M,<=50K
53.0,Masters,Professional,34.0,Midwest,M,<=50K
41.0,Masters,Professional,31.0,Northeast,F,<=50K
49.0,Doctorate,Professional,46.0,Midwest,F,<=50K
70.0,Bachelors,Professional,42.0,Northeast,F,<=50K
69.0,Masters,Professional,32.0,South,M,>50K
63.0,Bachelors,Professional,42.0,West,F,<=50K
43.0,Some-college,Tech,40.0,South,F,<=50K
76.0,Some-college,Professional,44.0,South,F,<=50K
44.0,Some-college,Craft,36.0,West,M,<=50K
54.0,Masters,Professional,35.0,South,F,>50K
86.0,Bachelors,Tech,50.0,West,F,<=50K
32.0,Some-college,Sales,37.0,West,M,<=50K
54.0,Bachelors,Professional,51.0,South,M,<=50K
67.0,Some-college,Admin,34.0,South,F,>50K
49.0,Bachelors,Tech,39.0,West,M,<=50K
33.0,Some-college,Tech,36.0,Northeast,F,<=50K
69.0,Masters,Professional,33.0,West,F,>50K
75.0,Masters,Professional,47.0,West,F,>50K
83.0,HS,Service,27.0,South,M,<=50K
40.0,Bachelors,Professional,42.0,West,M,<=50K
35.0,Masters,Professional,20.0,South,M,<=50K
58.0,Some-college,Craft,48.0,South,M,<=50K
90.0,Bachelors,Professional,38.0,Northeast,F,<=50K
50.0,Bachelors,Professional,52.0,South,M,<=50K
71.0,Masters,Professional,59.0,Midwest,M,>50K
45.0,Bachelors,Professional,35.0,South,F,<=50K
63.0,Bachelors,Professional,42.0,Northeast,F,>50K
67.0,Bachelors,Professional,30.0,South,M,<=50K
48.0,Masters,Professional,37.0,West,F,<=50K
88.0,Masters,Professional,39.0,West,F,<=50K
52.0,Doctorate,Tech,42.0,South,M,>50K
90.0,Masters,Professional,45.0,Northeast,M,<=50K
45.0,HS,Sales,45.0,South,F,<=50K
38.0,Some-college,Professional,49.0,Northeast,M,>50K
32.0,Some-college,Craft,33.0,West,M,<=50K
73.0,Bachelors,Professional,42.0,West,M,<=50K
57.0,Bachelors,Tech,32.0,West,M,<=50K
48.0,Bachelors,Tech,40.0,Midwest,M,<=50K
44.0,Doctorate,Tech,16.0,Northeast,F,<=50K
47.0,Masters,Professional,40.0,West,M,<=50K
78.0,Doctorate,Professional,41.0,Northeast,M,>50K
63.0,Some-college,Craft,37.0,South,M,<=50K
29.0,Some-college,Craft,34.0,Midwest,F,<=50K
37.0,Bachelors,Tech,24.0,Northeast,F,<=50K
35.0,Bachelors,Admin,33.0,South,F,<=50K
59.0,Masters,Tech,36.0,South,F,<=50K
56.0,Bachelors,Professional,44.0,West,M,>50K
69.0,Some-college,Tech,45.0,West,M,<=50K
47.0,Doctorate,Professional,37.0,West,F,<=50K
48.0,Masters,Professional,40.0,South,M,<=50K
45.0,HS,Craft,44.0,Midwest,M,<=50K
66.0,Some-college,Professional,33.0,West,M,<=50K
39.0,Bachelors,Professional,49.0,South,M,>50K
45.0,Bachelors,Craft,59.0,Northeast,M,<=50K
31.0,Some-college,Tech,42.0,Midwest,M,<=50K
67.0,HS,Service,37.0,Northeast,F,<=50K
36.0,Bachelors,Professional,42.0,Midwest,M,<=50K
46.0,Some-college,Professional,51.0,West,M,>50K
53.0,Masters,Professional,53.0,Midwest,M,<=50K
48.0,Bachelors,Professional,29.0,West,F,<=50K
28.0,Masters,Professional,41.0,South,M,<=50K
62.0,Masters,Tech,35.0,Northeast,F,<=50K
66.0,Masters,Tech,37.0,South,M,<=50K
55.0,Some-college,Professional,44.0,South,M,>50K
47.0,Masters,Professional,46.0,West,F,<=50K
52.0,Bachelors,Tech,39.0,South,F,>50K
90.0,Some-college,Professional,30.0,South,F,<=50K
43.0,Some-college,Professional,39.0,South,M,<=50K
41.0,Some-college,Admin,31.0,West,M,<=50K
68.0,Bachelors,Tech,57.0,Midwest,F,<=50K
89.0,Masters,Professional,24.0,West,M,<=50K
73.0,Some-college,Professional,46.0,Midwest,F,<=50K
54.0,Masters,Professional,42.0,Midwest,F,<=50K
89.0,Bachelors,Professional,38.0,South,F,>50K
46.0,Some-college,Professional,32.0,West,M,<=50K
63.0,Masters,Professional,37.0,South,M,<=50K
33.0,Some-college,Tech,36.0,South,M,<=50K
69.0,Some-college,Tech,36.0,Northeast,M,<=50K
53.0,Masters,Professional,39.0,Northeast,F,<=50K
78.0,Masters,Professional,41.0,West,F,>50K
26.0,Some-college,Tech,33.0,South,M,<=50K
60.0,Masters,Tech,45.0,South,F,>50K
53.0,Masters,Professional,48.0,South,M,<=50K
51.0,Some-college,Professional,36.0,West,F,<=50K
58.0,Doctorate,Professional,48.0,South,F,>50K
49.0,Bachelors,Tech,42.0,Northeast,F,<=50K
67.0,Bachelors,Professional,36.0,South,F,>50K
38.0,HS,Admin,44.0,South,F,<=50K
62.0,Masters,Professional,51.0,South,F,>50K
75.0,Some-college,Service,38.0,South,M,<=50K
41.0,Bachelors,Professional,24.0,Midwest,F,<=50K
90.0,HS,Craft,44.0,Northeast,F,<=50K
53.0,Masters,Tech,50.0,West,F,<=50K
44.0,Masters,Professional,31.0,West,F,<=50K
63.0,Doctorate,Professional,40.0,South,M,<=50K
62.0,HS,Sales,46.0,South,F,<=50K
59.0,Bachelors,Craft,20.0,West,M,<=50K
34.0,Bachelors,Professional,46.0,Midwest,M,<=50K
68.0,HS,Sales,48.0,Northeast,F,<=50K
68.0,Some-college,Professional,48.0,Midwest,M,>50K
43.0,Bachelors,Tech,54.0,Midwest,F,<=50K
88.0,Doctorate,Professional,28.0,South,F,>50K
52.0,Some-college,Professional,50.0,Midwest,M,<=50K
60.0,Bachelors,Professional,62.0,West,F,>50K
35.0,Some-college,Professional,19.0,Northeast,F,<=50K
62.0,Bachelors,Tech,38.0,West,M,<=50K
39.0,Some-college,Admin,46.0,Midwest,M,<=50K
35.0,Masters,Professional,33.0,South,M,<=50K
56.0,Masters,Professional,25.0,South,F,<=50K
79.0,Some-college,Professional,42.0,Northeast,F,<=50K
45.0,Masters,Professional,42.0,South,F,<=50K
40.0,Some-college,Professional,33.0,Midwest,M,<=50K
75.0,Bachelors,Professional,42.0,Northeast,M,<=50K
72.0,Masters,Professional,49.0,Northeast,F,>50K
54.0,Bachelors,Professional,50.0,Midwest,F,<=50K
59.0,Bachelors,Professional,45.0,West,F,<=50K
41.0,Bachelors,Professional,29.0,South,M,<=50K
38.0,Bachelors,Tech,37.0,South,F,>50K
37.0,Some-college,Professional,19.0,Midwest,M,<=50K
49.0,Some-college,Craft,31.0,South,M,<=50K
68.0,Masters,Tech,42.0,South,M,<=50K
49.0,Masters,Professional,46.0,Midwest,F,<=50K
54.0,Bachelors,Tech,41.0,Midwest,M,<=50K
66.0,Bachelors,Tech,41.0,Midwest,F,<=50K
30.0,Bachelors,Professional,20.0,West,M,<=50K
71.0,Bachelors,Professional,29.0,West,F,<=50K
59.0,HS,Service,31.0,South,M,<=50K
40.0,Bachelors,Tech,34.0,West,F,>50K
50.0,Bachelors,Professional,35.0,South,M,<=50K
36.0,Bachelors,Tech,59.0,West,M,<=50K
63.0,Some-college,Professional,50.0,Midwest,M,>50K
54.0,Some-college,Sales,32.0,South,M,<=50K
51.0,Bachelors,Professional,35.0,West,F,<=50K
38.0,Some-college,Tech,34.0,Northeast,F,<=50K
61.0,Bachelors,Professional,36.0,South,M,<=50K
62.0,Masters,Tech,36.0,West,M,<=50K
64.0,Bachelors,Craft,23.0,Midwest,M,>50K
35.0,Doctorate,Professional,49.0,Northeast,F,<=50K
49.0,Bachelors,Professional,47.0,South,M,<=50K
47.0,Doctorate,Professional,46.0,South,F,>50K
69.0,Masters,Professional,42.0,Northeast,F,<=50K
67.0,Doctorate,Tech,45.0,Midwest,M,<=50K
61.0,Bachelors,Professional,38.0,South,F,<=50K
69.0,Bachelors,Professional,23.0,West,F,>50K
55.0,Masters,Professional,42.0,South,F,>50K
90.0,Bachelors,Tech,37.0,Northeast,F,<=50K
50.0,Some-college,Admin,29.0,Midwest,F,<=50K
53.0,Bachelors,Professional,21.0,Midwest,M,>50K
39.0,Bachelors,Professional,50.0,Midwest,M,<=50K
59.0,HS,Craft,32.0,West,F,<=50K
58.0,Bachelors,Professional,39.0,West,M,<=50K
75.0,Bachelors,Professional,34.0,South,F,<=50K
60.0,Bachelors,Professional,56.0,West,M,>50K
38.0,Bachelors,Professional,26.0,South,M,<=50K
54.0,Bachelors,Admin,50.0,West,M,<=50K
55.0,Masters,Professional,18.0,West,M,>50K
65.0,Bachelors,Professional,49.0,West,M,<=50K
55.0,Bachelors,Professional,36.0,Midwest,M,<=50K
47.0,Bachelors,Professional,20.0,South,F,<=50K
56.0,Masters,Professional,41.0,West,F,>50K
56.0,Masters,Professional,40.0,South,F,>50K
41.0,Masters,Professional,25.0,South,F,<=50K
43.0,Bachelors,Craft,43.0,South,F,<=50K
56.0,Bachelors,Tech,41.0,Midwest,F,<=50K
72.0,Doctorate,Professional,45.0,South,F,>50K
57.0,Bachelors,Professional,28.0,South,M,<=50K
54.0,Doctorate,Professional,34.0,Northeast,M,<=50K
62.0,Masters,Professional,32.0,South,F,>50K
55.0,Some-college,Tech,42.0,West,F,<=50K
35.0,HS,Craft,34.0,South,F,<=50K
47.0,Bachelors,Tech,31.0,Midwest,F,>50K
75.0,Some-college,Tech,52.0,Northeast,F,<=50K
56.0,Some-college,Tech,36.0,Midwest,F,<=50K
40.0,HS,Craft,49.0,Midwest,F,<=50K
56.0,Masters,Professional,48.0,Northeast,F,>50K
52.0,Bachelors,Craft,34.0,West,F,<=50K
90.0,Bachelors,Professional,20.0,South,F,<=50K
42.0,Bachelors,Professional,42.0,South,F,<=50K
64.0,Bachelors,Professional,47.0,South,M,<=50K
76.0,Bachelors,Professional,50.0,Midwest,M,<=50K
65.0,Masters,Professional,44.0,Northeast,M,>50K
40.0,Some-college,Sales,43.0,West,M,<=50K
56.0,HS,Tech,35.0,South,M,<=50K
43.0,Masters,Tech,33.0,Northeast,F,<=50K
48.0,Bachelors,Professional,70.0,South,F,>50K
65.0,Bachelors,Professional,51.0,South,M,<=50K
35.0,Masters,Professional,27.0,West,F,<=50K
70.0,Some-college,Tech,43.0,South,M,<=50K
85.0,HS,Admin,42.0,South,F,<=50K
67.0,Doctorate,Professional,24.0,South,M,>50K
50.0,Bachelors,Tech,38.0,Midwest,M,<=50K
88.0,HS,Tech,43.0,Northeast,F,<=50K
60.0,Some-college,Professional,56.0,Northeast,F,<=50K
34.0,Bachelors,Professional,53.0,South,F,<=50K
42.0,HS,Craft,37.0,West,M,<=50K
59.0,Masters,Professional,38.0,South,M,>50K
56.0,Doctorate,Professional,37.0,South,M,>50K
63.0,Masters,Professional,43.0,South,M,<=50K
62.0,Bachelors,Professional,49.0,Northeast,F,<=50K
44.0,Bachelors,Professional,31.0,West,F,<=50K
48.0,Some-college,Professional,39.0,Northeast,F,<=50K
59.0,Bachelors,Sales,36.0,Midwest,M,<=50K
90.0,Bachelors,Professional,30.0,West,F,>50K
72.0,Some-college,Admin,36.0,South,M,<=50K
79.0,Some-college,Service,56.0,Midwest,M,<=50K
66.0,Doctorate,Professional,57.0,West,F,>50K
52.0,Bachelors,Tech,54.0,South,F,>50K
47.0,Some-college,Tech,25.0,Midwest,F,<=50K
38.0,Some-college,Sales,42.0,South,M,<=50K
53.0,Masters,Professional,63.0,South,F,>50K
59.0,Doctorate,Professional,45.0,South,F,<=50K
45.0,Some-college,Professional,34.0,Northeast,M,<=50K
34.0,Bachelors,Professional,44.0,South,F,<=50K
31.0,Masters,Professional,36.0,Northeast,F,>50K
32.0,Some-college,Craft,35.0,Midwest,M,<=50K
82.0,Some-college,Professional,41.0,Midwest,M,<=50K
85.0,Some-college,Professional,43.0,South,M,<=50K
70.0,Bachelors,Craft,39.0,West,F,<=50K
64.0,Some-college,Craft,41.0,South,F,<=50K
63.0,Some-college,Admin,32.0,South,M,<=50K
37.0,Some-college,Professional,39.0,South,M,<=50K
90.0,Masters,Professional,44.0,South,F,<=50K
54.0,Masters,Professional,42.0,West,M,<=50K
56.0,Bachelors,Admin,39.0,South,M,<=50K
48.0,Doctorate,Professional,27.0,South,F,>50K
36.0,Some-college,Professional,49.0,West,M,<=50K
59.0,Bachelors,Craft,30.0,Northeast,F,<=50K
73.0,Some-college,Craft,46.0,South,M,<=50K
62.0,Masters,Professional,38.0,Midwest,M,<=50K
37.0,Bachelors,Professional,46.0,Midwest,F,<=50K
30.0,HS,Service,47.0,South,F,<=50K
86.0,Some-college,Professional,35.0,Northeast,F,<=50K
75.0,Doctorate,Professional,12.0,South,M,<=50K
37.0,Bachelors,Professional,20.0,Northeast,F,<=50K
48.0,Bachelors,Professional,32.0,West,M,<=50K
90.0,Masters,Professional,29.0,Midwest,M,>50K
49.0,HS,Sales,43.0,Midwest,M,<=50K
49.0,Some-college,Craft,59.0,Northeast,F,<=50K
56.0,HS,Tech,47.0,South,M,<=50K
61.0,Some-college,Tech,40.0,Midwest,M,<=50K
52.0,Some-college,Professional,53.0,Northeast,F,>50K
70.0,Masters,Professional,39.0,West,M,<=50K
50.0,Masters,Professional,49.0,Midwest,F,>50K
46.0,Masters,Sales,44.0,Northeast,M,<=50K
33.0,Doctorate,Professional,21.0,Midwest,F,<=50K
58.0,Some-college,Tech,50.0,South,M,<=50K
90.0,Bachelors,Professional,53.0,West,F,<=50K
64.0,Masters,Professional,38.0,West,M,>50K
76.0,Some-college,Professional,47.0,South,F,<=50K
59.0,Bachelors,Tech,46.0,Midwest,F,<=50K
59.0,Bachelors,Professional,39.0,Northeast,M,>50K
30.0,Some-college,Professional,34.0,South,F,<=50K
46.0,Bachelors,Professional,50.0,West,M,>50K
50.0,Masters,Professional,35.0,South,M,>50K
67.0,Some-college,Craft,36.0,South,M,<=50K
51.0,HS,Sales,49.0,Midwest,M,<=50K
34.0,Bachelors,Professional,47.0,Midwest,F,<=50K
32.0,HS,Admin,53.0,Midwest,F,<=50K
50.0,Bachelors,Tech,36.0,South,F,<=50K
55.0,Some-college,Professional,29.0,Midwest,M,<=50K
90.0,Masters,Professional,47.0,West,F,<=50K
38.0,Masters,Professional,26.0,Midwest,F,<=50K
45.0,Masters,Professional,37.0,Northeast,F,<=50K
46.0,Some-college,Professional,38.0,South,F,<=50K
86.0,Some-college,Tech,54.0,Northeast,F,<=50K
49.0,HS,Professional,41.0,Northeast,M,<=50K
51.0,HS,Service,30.0,South,F,<=50K
62.0,Some-college,Admin,41.0,South,M,<=50K
24.0,Bachelors,Professional,48.0,South,F,<=50K
73.0,Some-college,Admin,24.0,Midwest,M,<=50K
55.0,Some-college,Tech,29.0,South,F,<=50K
64.0,HS,Professional,50.0,Midwest,M,<=50K
33.0,HS,Sales,40.0,Northeast,F,<=50K
73.0,HS,Professional,31.0,South,M,<=50K
67.0,Masters,Tech,39.0,South,M,<=50K
90.0,HS,Professional,38.0,Midwest,F,<=50K
53.0,Masters,Admin,31.0,South,F,>50K
79.0,Some-college,Tech,34.0,South,F,>50K
70.0,Masters,Professional,54.0,Northeast,M,>50K
53.0,Bachelors,Professional,44.0,Northeast,M,>50K
32.0,Bachelors,Professional,48.0,South,F,>50K
71.0,Masters,Professional,40.0,South,F,<=50K
54.0,Some-college,Professional,36.0,West,M,<=50K
85.0,Some-college,Professional,41.0,West,M,<=50K
55.0,Some-college,Craft,33.0,Midwest,F,<=50K
36.0,Some-college,Professional,42.0,West,F,<=50K
56.0,Masters,Professional,38.0,South,F,<=50K
56.0,Bachelors,Professional,38.0,South,M,<=50K
62.0,Bachelors,Tech,39.0,Midwest,M,>50K
66.0,Bachelors,Professional,32.0,Midwest,F,<=50K
54.0,Some-college,Craft,53.0,West,M,<=50K
33.0,Masters,Professional,25.0,Northeast,M,>50K
38.0,HS,Admin,41.0,Northeast,M,<=50K
55.0,Bachelors,Professional,30.0,Northeast,M,<=50K
55.0,Bachelors,Professional,49.0,South,F,<=50K
74.0,Some-college,Craft,38.0,South,F,<=50K
56.0,Some-college,Professional,43.0,South,F,<=50K
73.0,Masters,Professional,45.0,Midwest,M,>50K
58.0,Some-college,Tech,44.0,Northeast,F,<=50K
49.0,HS,Craft,42.0,Midwest,M,<=50K
90.0,Some-college,Admin,41.0,West,F,<=50K
53.0,Masters,Tech,44.0,West,F,<=50K
53.0,Some-college,Craft,37.0,South,M,<=50K
57.0,Masters,Professional,39.0,West,F,<=50K
72.0,Masters,Tech,38.0,South,F,>50K
50.0,Some-college,Craft,34.0,Northeast,F,<=50K
58.0,Bachelors,Professional,36.0,Midwest,M,<=50K
45.0,Some-college,Tech,52.0,South,F,>50K
62.0,Some-college,Craft,28.0,West,F,<=50K
29.0,Some-college,Tech,53.0,South,F,<=50K
45.0,Bachelors,Professional,36.0,West,F,<=50K
47.0,HS,Craft,46.0,South,F,<=50K
51.0,Bachelors,Professional,41.0,Northeast,F,<=50K
48.0,Bachelors,Professional,39.0,South,F,<=50K
72.0,Masters,Tech,46.0,South,M,<=50K
67.0,HS,Admin,56.0,West,F,<=50K
41.0,HS,Admin,39.0,Northeast,F,>50K
58.0,Some-college,Professional,41.0,Midwest,M,<=50K
82.0,Bachelors,Professional,34.0,West,F,<=50K
46.0,Bachelors,Professional,59.0,South,M,<=50K
50.0,Bachelors,Professional,51.0,Midwest,F,>50K
63.0,Doctorate,Professional,51.0,Northeast,F,>50K
37.0,Bachelors,Tech,40.0,South,F,>50K
53.0,Bachelors,Professional,24.0,South,F,<=50K
78.0,Some-college,Professional,44.0,Northeast,F,<=50K
90.0,Masters,Professional,21.0,West,F,<=50K
42.0,Bachelors,Professional,34.0,Midwest,M,<=50K
77.0,Masters,Tech,49.0,South,M,<=50K
39.0,Some-college,Admin,34.0,Midwest,M,<=50K
90.0,Masters,Professional,31.0,Northeast,M,<=50K
64.0,Doctorate,Professional,22.0,Midwest,F,>50K
53.0,Some-college,Craft,48.0,South,F,<=50K
50.0,HS,Tech,45.0,West,M,<=50K
65.0,Masters,Professional,37.0,West,M,>50K
85.0,Masters,Professional,42.0,South,M,<=50K
66.0,Bachelors,Professional,26.0,Midwest,F,>50K
77.0,Bachelors,Professional,31.0,Midwest,M,<=50K
74.0,Doctorate,Professional,42.0,Northeast,M,<=50K
72.0,Some-college,Professional,48.0,West,F,>50K
90.0,Some-college,Craft,37.0,Northeast,M,<=50K
77.0,Some-college,Craft,29.0,Midwest,F,<=50K
58.0,Bachelors,Professional,37.0,South,M,>50K
62.0,Some-college,Professional,51.0,South,F,<=50K
37.0,Some-college,Professional,34.0,West,F,>50K
35.0,Bachelors,Professional,41.0,Midwest,M,<=50K
51.0,Some-college,Admin,45.0,Midwest,M,<=50K
56.0,Bachelors,Professional,36.0,South,M,<=50K
51.0,Bachelors,Professional,41.0,West,M,<=50K
53.0,Some-college,Professional,25.0,West,M,<=50K
76.0,Bachelors,Professional,35.0,West,F,<=50K
61.0,Some-college,Sales,41.0,Midwest,F,<=50K
34.0,Masters,Professional,44.0,South,M,>50K
70.0,Some-college,Craft,52.0,South,F,<=50K
69.0,Bachelors,Craft,36.0,Northeast,F,<=50K
57.0,HS,Sales,45.0,Midwest,M,<=50K
60.0,Some-college,Craft,40.0,South,M,<=50K
48.0,HS,Craft,34.0,Northeast,M,<=50K
64.0,Masters,Professional,34.0,South,F,<=50K
49.0,Bachelors,Professional,40.0,Midwest,F,<=50K
54.0,Bachelors,Professional,41.0,Northeast,F,<=50K
73.0,HS,Service,34.0,West,M,<=50K
58.0,HS,Admin,66.0,West,F,<=50K
57.0,Bachelors,Professional,41.0,Midwest,F,<=50K
85.0,Some-college,Professional,44.0,South,F,<=50K
52.0,Masters,Professional,39.0,South,M,<=50K
76.0,Bachelors,Professional,65.0,West,F,>50K
61.0,Bachelors,Professional,21.0,Midwest,M,<=50K
48.0,Bachelors,Professional,38.0,South,F,<=50K
50.0,Bachelors,Tech,42.0,South,F,<=50K
66.0,Masters,Professional,52.0,South,M,<=50K
90.0,Some-college,Professional,37.0,Midwest,F,>50K
44.0,Bachelors,Professional,31.0,South,F,<=50K
40.0,Masters,Tech,54.0,Northeast,M,<=50K
84.0,Bachelors,Tech,45.0,West,M,<=50K
72.0,Bachelors,Professional,38.0,South,F,>50K
60.0,Some-college,Tech,39.0,South,M,<=50K
37.0,Bachelors,Professional,37.0,South,F,>50K
77.0,Masters,Tech,41.0,South,F,>50K
37.0,Some-college,Professional,24.0,South,F,>50K
72.0,HS,Professional,42.0,Midwest,M,<=50K
52.0,Bachelors,Admin,35.0,Midwest,F,<=50K
57.0,Bachelors,Professional,45.0,South,F,<=50K
50.0,Bachelors,Craft,44.0,South,M,<=50K
44.0,Bachelors,Professional,31.0,West,M,<=50K
50.0,Masters,Professional,53.0,West,F,<=50K
66.0,Some-college,Tech,48.0,South,M,>50K
32.0,HS,Admin,30.0,West,M,<=50K
37.0,Bachelors,Craft,30.0,West,M,<=50K
69.0,Some-college,Professional,35.0,West,M,<=50K
61.0,Bachelors,Admin,44.0,West,F,<=50K
90.0,Bachelors,Professional,49.0,Midwest,M,<=50K
39.0,HS,Professional,31.0,South,M,<=50K
42.0,Bachelors,Professional,33.0,South,F,<=50K
55.0,Masters,Tech,46.0,West,M,<=50K
58.0,Bachelors,Professional,41.0,Northeast,M,<=50K
60.0,HS,Tech,41.0,South,M,<=50K
60.0,Masters,Professional,40.0,South,F,<=50K
69.0,Some-college,Tech,38.0,Northeast,M,>50K
33.0,Some-college,Professional,54.0,South,F,>50K
59.0,Bachelors,Admin,50.0,Northeast,F,<=50K
48.0,Some-college,Tech,38.0,South,M,<=50K
47.0,HS,Professional,52.0,Northeast,M,<=50K
90.0,Bachelors,Professional,54.0,Midwest,M,<=50K
51.0,Bachelors,Professional,45.0,West,M,<=50K
79.0,Some-college,Professional,42.0,South,F,<=50K
90.0,Some-college,Craft,33.0,Midwest,F,>50K
51.0,Bachelors,Professional,42.0,Midwest,M,<=50K
56.0,Bachelors,Tech,43.0,Northeast,F,<=50K
55.0,Some-college,Tech,53.0,West,M,<=50K
58.0,Some-college,Professional,33.0,South,F,<=50K
85.0,Bachelors,Professional,24.0,Northeast,F,<=50K
72.0,Bachelors,Professional,36.0,South,F,<=50K
58.0,Bachelors,Tech,44.0,Northeast,F,<=50K
57.0,HS,Professional,23.0,Midwest,M,>50K
44.0,Some-college,Admin,38.0,South,M,<=50K
62.0,Some-college,Professional,34.0,West,M,<=50K
39.0,Bachelors,Sales,29.0,West,M,<=50K
45.0,Masters,Professional,41.0,West,F,>50K
57.0,Masters,Professional,51.0,South,M,<=50K
45.0,Bachelors,Tech,28.0,Midwest,F,<=50K
37.0,Bachelors,Professional,41.0,South,F,<=50K
54.0,Some-college,Tech,39.0,South,F,<=50K
42.0,Bachelors,Professional,46.0,Northeast,F,<=50K
65.0,Some-college,Craft,41.0,South,M,>50K
59.0,Some-college,Admin,35.0,South,F,<=50K
38.0,Some-college,Tech,47.0,Midwest,F,<=50K
62.0,Bachelors,Tech,45.0,Midwest,F,>50K
68.0,Bachelors,Tech,31.0,Northeast,M,<=50K
59.0,Doctorate,Professional,23.0,West,M,>50K
52.0,Bachelors,Professional,34.0,South,M,>50K
49.0,Some-college,Admin,42.0,Northeast,F,<=50K
90.0,Masters,Tech,44.0,West,F,>50K
58.0,Some-college,Professional,36.0,Midwest,M,<=50K
56.0,Masters,Professional,37.0,South,F,<=50K
51.0,Masters,Professional,25.0,Midwest,M,>50K
40.0,Doctorate,Professional,35.0,West,M,>50K
48.0,HS,Service,41.0,South,M,<=50K
66.0,Bachelors,Professional,35.0,South,M,>50K
61.0,Bachelors,Tech,40.0,West,M,<=50K
61.0,Bachelors,Professional,32.0,South,M,<=50K
58.0,Masters,Professional,33.0,West,F,<=50K
43.0,Some-college,Tech,42.0,Midwest,M,>50K
57.0,Some-college,Professional,27.0,West,F,<=50K
73.0,Bachelors,Tech,40.0,South,M,<=50K
55.0,Masters,Professional,51.0,South,M,<=50K
29.0,HS,Admin,32.0,West,M,>50K
44.0,HS,Sales,36.0,South,M,<=50K
33.0,Masters,Professional,31.0,South,F,<=50K
43.0,Bachelors,Professional,28.0,Northeast,F,<=50K
90.0,Masters,Professional,32.0,Midwest,F,<=50K
49.0,Some-college,Professional,29.0,South,M,<=50K
43.0,Some-college,Tech,38.0,Northeast,M,<=50K
35.0,Bachelors,Professional,34.0,Northeast,F,<=50K
51.0,Bachelors,Professional,30.0,West,M,<=50K
80.0,Bachelors,Professional,39.0,Northeast,F,<=50K
43.0,Bachelors,Professional,49.0,West,M,<=50K
63.0,Masters,Tech,48.0,Midwest,M,<=50K
59.0,Some-college,Tech,38.0,West,F,>50K
47.0,Some-college,Tech,40.0,South,M,<=50K
68.0,Some-college,Professional,31.0,Midwest,M,<=50K
49.0,Some-college,Professional,38.0,South,F,<=50K
44.0,Bachelors,Tech,46.0,South,M,<=50K
45.0,Some-college,Professional,47.0,South,M,<=50K
59.0,Some-college,Tech,53.0,West,M,<=50K
90.0,Doctorate,Professional,23.0,Midwest,F,<=50K
73.0,Bachelors,Professional,54.0,Northeast,M,>50K
45.0,Some-college,Tech,43.0,South,M,<=50K
56.0,Masters,Professional,54.0,Midwest,F,>50K
43.0,Some-college,Tech,40.0,Northeast,F,<=50K
42.0,Bachelors,Professional,50.0,South,M,>50K
33.0,Some-college,Professional,38.0,West,M,<=50K
61.0,Some-college,Tech,31.0,West,M,>50K
47.0,Some-college,Professional,43.0,Midwest,M,<=50K
52.0,Bachelors,Professional,36.0,South,M,<=50K
61.0,HS,Service,40.0,South,F,<=50K
37.0,Some-college,Professional,43.0,Northeast,M,<=50K
39.0,Bachelors,Tech,46.0,South,M,<=50K
63.0,Bachelors,Professional,46.0,Northeast,F,<=50K
41.0,Bachelors,Tech,48.0,South,F,<=50K
41.0,Doctorate,Professional,26.0,South,F,>50K
72.0,Masters,Professional,50.0,Midwest,F,<=50K
29.0,Some-college,Professional,30.0,West,M,<=50K
54.0,Bachelors,Professional,41.0,Midwest,M,<=50K
79.0,Bachelors,Professional,35.0,Midwest,F,<=50K
90.0,Masters,Craft,26.0,Midwest,F,<=50K
83.0,Bachelors,Professional,46.0,Northeast,M,<=50K
36.0,Masters,Professional,29.0,Northeast,M,<=50K
58.0,Some-college,Tech,36.0,South,M,<=50K
72.0,Masters,Professional,53.0,South,M,<=50K
61.0,Bachelors,Professional,20.0,South,M,<=50K
49.0,HS,Tech,25.0,West,M,<=50K
40.0,Bachelors,Professional,48.0,South,M,<=50K
67.0,Bachelors,Professional,37.0,Midwest,F,<=50K
36.0,Some-college,Professional,46.0,Midwest,M,<=50K
34.0,Doctorate,Professional,38.0,South,F,<=50K
42.0,Bachelors,Professional,35.0,Northeast,M,<=50K
55.0,Some-college,Professional,47.0,South,F,<=50K
80.0,Bachelors,Professional,33.0,West,M,<=50K
50.0,Some-college,Tech,35.0,Northeast,M,<=50K
71.0,Bachelors,Sales,42.0,Midwest,M,<=50K
41.0,Bachelors,Professional,30.0,South,M,<=50K
48.0,HS,Admin,27.0,South,F,<=50K
49.0,Some-college,Professional,25.0,South,M,<=50K
45.0,Some-college,Professional,48.0,West,M,<=50K
76.0,Bachelors,Professional,57.0,South,F,>50K
36.0,Some-college,Tech,49.0,Midwest,M,<=50K
35.0,Some-college,Professional,33.0,Northeast,F,<=50K
75.0,Masters,Professional,35.0,Northeast,M,>50K
59.0,Masters,Professional,32.0,Northeast,F,>50K
66.0,Bachelors,Professional,40.0,Midwest,M,<=50K
43.0,HS,Professional,49.0,West,F,<=50K
65.0,Bachelors,Service,40.0,Midwest,F,<=50K
33.0,Bachelors,Professional,38.0,Northeast,M,<=50K
52.0,Bachelors,Tech,12.0,Northeast,M,<=50K
60.0,Bachelors,Tech,43.0,South,M,<=50K
31.0,Bachelors,Professional,27.0,South,F,<=50K
44.0,HS,Service,37.0,South,M,<=50K
36.0,HS,Craft,42.0,Northeast,F,<=50K
42.0,Bachelors,Tech,41.0,Northeast,F,<=50K
49.0,Some-college,Professional,47.0,Northeast,M,<=50K
47.0,Bachelors,Professional,54.0,Midwest,M,<=50K
31.0,Some-college,Craft,17.0,West,M,<=50K
65.0,Bachelors,Professional,27.0,West,M,<=50K
37.0,Masters,Professional,54.0,West,F,>50K
58.0,Some-college,Professional,45.0,Midwest,F,<=50K
44.0,Bachelors,Admin,33.0,South,F,<=50K
34.0,HS,Professional,36.0,Northeast,F,<=50K
68.0,Bachelors,Professional,40.0,South,M,>50K
51.0,Bachelors,Tech,50.0,Northeast,M,>50K
60.0,Bachelors,Professional,38.0,Midwest,M,>50K
61.0,Bachelors,Professional,41.0,South,F,>50K
59.0,HS,Craft,29.0,Midwest,F,<=50K
43.0,Bachelors,Tech,53.0,Midwest,M,<=50K
61.0,Masters,Professional,45.0,South,F,>50K
70.0,Masters,Professional,36.0,Midwest,M,>50K
44.0,Doctorate,Professional,28.0,South,M,<=50K
40.0,Bachelors,Professional,39.0,Midwest,F,<=50K
45.0,Some-college,Tech,48.0,South,M,<=50K
73.0,Some-college,Tech,61.0,Northeast,F,<=50K
52.0,Bachelors,Professional,58.0,South,M,<=50K
81.0,Masters,Professional,36.0,West,M,<=50K
48.0,HS,Admin,37.0,West,F,<=50K
54.0,Masters,Professional,32.0,Midwest,M,<=50K
82.0,Masters,Professional,43.0,Northeast,M,>50K
86.0,Some-college,Professional,31.0,Midwest,F,<=50K
66.0,Bachelors,Professional,46.0,Midwest,M,>50K
39.0,Some-college,Tech,42.0,West,F,<=50K
54.0,Bachelors,Professional,45.0,Midwest,M,<=50K
53.0,Some-college,Craft,32.0,South,M,<=50K
40.0,Bachelors,Professional,50.0,South,F,>50K
77.0,Some-college,Professional,38.0,Midwest,F,<=50K
61.0,Bachelors,Professional,30.0,Northeast,F,<=50K
42.0,HS,Craft,40.0,South,M,<=50K
39.0,Some-college,Admin,41.0,Northeast,F,<=50K
57.0,Some-college,Professional,42.0,West,M,<=50K
33.0,Masters,Professional,47.0,Northeast,M,<=50K
71.0,Bachelors,Professional,51.0,South,M,>50K
47.0,Some-college,Professional,61.0,Midwest,M,>50K
38.0,Some-college,Professional,38.0,South,M,<=50K
63.0,Bachelors,Professional,52.0,Midwest,F,<=50K
42.0,Some-college,Craft,17.0,Northeast,F,<=50K
52.0,Doctorate,Professional,58.0,West,F,>50K
56.0,HS,Admin,41.0,Northeast,F,<=50K
41.0,Bachelors,Professional,51.0,Northeast,F,<=50K
61.0,HS,Tech,39.0,Midwest,F,<=50K
78.0,Masters,Professional,45.0,Northeast,F,>50K
73.0,Some-college,Professional,46.0,South,M,>50K
53.0,Masters,Professional,35.0,Midwest,M,>50K
67.0,Some-college,Professional,36.0,South,F,<=50K
39.0,Masters,Tech,14.0,Midwest,F,<=50K
51.0,Bachelors,Tech,46.0,South,M,<=50K
74.0,Masters,Professional,39.0,Midwest,F,>50K
40.0,Bachelors,Admin,38.0,Northeast,F,>50K
57.0,HS,Tech,52.0,South,F,<=50K
68.0,Some-college,Professional,44.0,South,F,<=50K
56.0,HS,Professional,43.0,Midwest,F,<=50K
88.0,Masters,Tech,21.0,South,F,>50K
48.0,Bachelors,Tech,42.0,West,M,<=50K
46.0,Bachelors,Professional,38.0,South,M,<=50K
36.0,Bachelors,Craft,48.0,South,M,<=50K
58.0,Bachelors,Professional,37.0,Midwest,F,<=50K
56.0,Some-college,Professional,30.0,South,M,<=50K
43.0,Doctorate,Professional,38.0,Midwest,F,>50K
60.0,Bachelors,Professional,58.0,West,F,<=50K
84.0,Bachelors,Tech,31.0,South,F,<=50K
46.0,HS,Service,52.0,Northeast,F,<=50K
79.0,Some-college,Craft,38.0,West,M,>50K
66.0,Bachelors,Professional,23.0,Northeast,M,<=50K
51.0,Some-college,Admin,47.0,South,F,<=50K
30.0,Some-college,Admin,59.0,South,M,<=50K
34.0,Some-college,Professional,43.0,Northeast,F,<=50K
52.0,Some-college,Professional,31.0,South,F,<=50K
43.0,Bachelors,Professional,38.0,South,M,<=50K
59.0,HS,Tech,33.0,West,M,<=50K
46.0,Some-college,Professional,66.0,South,M,>50K
51.0,Some-college,Professional,46.0,South,F,<=50K
44.0,Bachelors,Admin,19.0,Midwest,M,<=50K
46.0,Bachelors,Professional,48.0,Northeast,F,>50K
61.0,Bachelors,Tech,45.0,South,F,<=50K
33.0,HS,Service,29.0,West,F,<=50K
75.0,Bachelors,Professional,35.0,West,F,>50K
64.0,Masters,Professional,40.0,Midwest,F,>50K
32.0,Masters,Tech,54.0,Midwest,F,>50K
59.0,HS,Craft,36.0,Midwest,F,<=50K
48.0,Some-college,Professional,34.0,Northeast,F,<=50K
45.0,Bachelors,Tech,49.0,Northeast,M,<=50K
50.0,Bachelors,Professional,35.0,West,M,<=50K
51.0,Bachelors,Professional,32.0,Midwest,M,>50K
42.0,Bachelors,Professional,39.0,Midwest,M,<=50K
47.0,HS,Sales,48.0,South,M,<=50K
73.0,Doctorate,Professional,42.0,West,M,<=50K
35.0,HS,Sales,35.0,South,M,<=50K
69.0,Bachelors,Professional,54.0,South,F,>50K
43.0,Bachelors,Professional,53.0,South,M,<=50K
62.0,Masters,Professional,27.0,West,M,>50K
36.0,Bachelors,Professional,29.0,South,M,<=50K
42.0,Bachelors,Tech,32.0,South,F,<=50K
50.0,Masters,Professional,39.0,South,F,>50K
30.0,Some-college,Professional,39.0,West,F,>50K
37.0,Bachelors,Professional,39.0,West,M,<=50K
83.0,Doctorate,Professional,40.0,West,F,>50K
67.0,Some-college,Craft,45.0,Northeast,F,<=50K
70.0,HS,Tech,29.0,South,F,<=50K
64.0,Some-college,Professional,21.0,Midwest,M,<=50K
45.0,Masters,Professional,43.0,Midwest,M,<=50K
88.0,Masters,Tech,49.0,West,M,<=50K
90.0,Bachelors,Professional,39.0,South,F,<=50K
39.0,Bachelors,Craft,36.0,West,F,<=50K
53.0,Bachelors,Professional,46.0,Midwest,M,<=50K
51.0,Masters,Professional,38.0,Northeast,M,>50K
53.0,HS,Admin,29.0,Midwest,M,<=50K
70.0,Some-college,Craft,37.0,Midwest,M,<=50K
54.0,Some-college,Admin,48.0,Midwest,F,<=50K
56.0,Bachelors,Professional,44.0,South,F,<=50K
54.0,Bachelors,Professional,47.0,Midwest,F,<=50K
37.0,Some-college,Sales,35.0,South,F,<=50K
87.0,Bachelors,Tech,43.0,West,F,<=50K
36.0,HS,Service,52.0,South,M,<=50K
49.0,Doctorate,Professional,38.0,South,M,>50K
50.0,Masters,Tech,36.0,Northeast,F,<=50K
60.0,Masters,Professional,52.0,Midwest,F,>50K
64.0,Some-college,Professional,42.0,South,F,<=50K
31.0,Bachelors,Tech,28.0,South,F,<=50K
56.0,Doctorate,Professional,37.0,South,F,>50K
40.0,Masters,Professional,52.0,Midwest,M,<=50K
61.0,Bachelors,Professional,45.0,West,M,<=50K
31.0,HS,Professional,55.0,West,F,<=50K
58.0,Bachelors,Professional,47.0,South,F,<=50K
29.0,Some-college,Craft,40.0,South,M,<=50K
37.0,Bachelors,Professional,49.0,West,M,<=50K
52.0,HS,Craft,36.0,South,F,<=50K
64.0,Bachelors,Tech,51.0,Midwest,F,<=50K
68.0,Bachelors,Professional,40.0,West,F,<=50K
60.0,Some-college,Tech,39.0,South,M,<=50K
45.0,Masters,Professional,44.0,Northeast,M,<=50K
58.0,Some-college,Tech,37.0,Midwest,F,<=50K
52.0,HS,Professional,31.0,South,F,<=50K
46.0,Some-college,Professional,33.0,South,M,<=50K
72.0,Masters,Professional,45.0,South,F,<=50K
56.0,Some-college,Professional,44.0,South,M,>50K
55.0,Some-college,Professional,42.0,West,F,<=50K
67.0,Masters,Professional,48.0,West,F,<=50K
46.0,Bachelors,Professional,33.0,Midwest,F,>50K
52.0,Some-college,Professional,38.0,South,F,<=50K
38.0,Bachelors,Tech,54.0,South,M,<=50K
41.0,Some-college,Professional,32.0,Midwest,F,<=50K
36.0,Bachelors,Professional,51.0,West,M,>50K
39.0,Bachelors,Admin,37.0,South,M,<=50K
40.0,Some-college,Professional,45.0,South,F,<=50K
51.0,Some-college,Sales,43.0,Northeast,M,<=50K
62.0,Some-college,Professional,39.0,Northeast,F,>50K
45.0,Bachelors,Professional,42.0,South,M,>50K
55.0,Bachelors,Tech,50.0,South,F,<=50K
90.0,Some-college,Professional,31.0,West,M,<=50K
44.0,Some-college,Craft,32.0,West,F,<=50K
49.0,Bachelors,Craft,49.0,Northeast,F,>50K
90.0,Masters,Professional,34.0,Northeast,M,>50K
47.0,Bachelors,Professional,39.0,Midwest,M,>50K
86.0,Doctorate,Professional,37.0,West,F,<=50K
57.0,Bachelors,Professional,38.0,South,M,>50K
35.0,Bachelors,Professional,23.0,Northeast,F,<=50K
59.0,Some-college,Tech,41.0,Northeast,F,<=50K
41.0,Some-college,Craft,36.0,South,F,>50K
52.0,Bachelors,Professional,29.0,South,F,<=50K
65.0,Bachelors,Professional,36.0,South,F,<=50K
56.0,Bachelors,Admin,44.0,West,M,<=50K
40.0,Bachelors,Craft,56.0,South,F,<=50K
34.0,Some-college,Professional,34.0,Northeast,M,<=50K
44.0,Some-college,Service,53.0,Midwest,F,<=50K
58.0,Some-college,Tech,37.0,South,M,<=50K
44.0,Bachelors,Professional,45.0,Northeast,F,<=50K
44.0,Masters,Professional,38.0,West,F,<=50K
90.0,HS,Tech,44.0,West,F,<=50K
53.0,Bachelors,Admin,43.0,Midwest,M,>50K
70.0,Masters,Professional,37.0,West,F,>50K
27.0,Masters,Professional,24.0,South,M,<=50K
39.0,Bachelors,Professional,49.0,Midwest,F,<=50K
36.0,Bachelors,Tech,26.0,South,M,<=50K
46.0,Some-college,Professional,35.0,South,F,<=50K
68.0,Bachelors,Professional,57.0,South,F,>50K
62.0,Bachelors,Professional,44.0,West,F,>50K
55.0,Some-college,Admin,42.0,West,M,<=50K
64.0,Some-college,Professional,42.0,Northeast,M,<=50K
51.0,Bachelors,Professional,43.0,Midwest,F,<=50K
55.0,HS,Craft,38.0,South,M,<=50K
87.0,Bachelors,Professional,41.0,South,F,<=50K
66.0,HS,Tech,40.0,South,M,<=50K
75.0,Bachelors,Professional,37.0,Midwest,F,<=50K
90.0,Bachelors,Professional,42.0,South,M,<=50K
38.0,Some-college,Professional,45.0,Northeast,M,<=50K
90.0,Some-college,Professional,41.0,South,M,<=50K
38.0,Some-college,Craft,48.0,West,M,<=50K
78.0,HS,Admin,57.0,Midwest,F,<=50K
51.0,Some-college,Professional,57.0,West,F,<=50K
90.0,Bachelors,Professional,39.0,Northeast,F,>50K
77.0,Masters,Tech,30.0,West,F,<=50K
42.0,Some-college,Professional,51.0,Midwest,M,<=50K
64.0,Bachelors,Tech,42.0,South,M,<=50K
64.0,Masters,Professional,48.0,South,F,>50K
45.0,Masters,Professional,38.0,South,F,<=50K
58.0,Some-college,Professional,49.0,South,F,>50K
45.0,Masters,Professional,31.0,South,M,<=50K
49.0,Masters,Professional,43.0,Midwest,F,<=50K
53.0,Bachelors,Tech,29.0,South,M,<=50K
54.0,Some-college,Admin,60.0,West,F,<=50K
40.0,Some-college,Professional,38.0,South,F,<=50K
90.0,Masters,Professional,19.0,South,M,>50K
36.0,Doctorate,Professional,51.0,West,F,<=50K
57.0,Bachelors,Tech,50.0,South,M,<=50K
45.0,Masters,Professional,53.0,South,F,<=50K
79.0,Doctorate,Professional,30.0,West,M,>50K
47.0,HS,Sales,45.0,Midwest,M,<=50K
47.0,Some-college,Professional,53.0,West,F,<=50K
90.0,Doctorate,Professional,36.0,South,M,>50K
47.0,Masters,Professional,45.0,South,M,>50K
53.0,Bachelors,Professional,40.0,West,M,<=50K
43.0,Bachelors,Professional,38.0,West,F,<=50K
62.0,Bachelors,Professional,54.0,Midwest,M,<=50K
57.0,Some-college,Tech,35.0,South,M,<=50K
40.0,Doctorate,Professional,41.0,South,M,>50K
58.0,Some-college,Professional,47.0,Northeast,M,<=50K
46.0,HS,Sales,42.0,South,M,<=50K
61.0,Bachelors,Admin,49.0,South,M,<=50K
39.0,Masters,Professional,23.0,West,F,<=50K
69.0,Some-college,Tech,52.0,West,F,<=50K
72.0,Bachelors,Professional,31.0,South,M,>50K
42.0,HS,Service,39.0,Midwest,F,<=50K
53.0,Bachelors,Professional,39.0,South,M,>50K
64.0,Some-college,Craft,46.0,Midwest,F,<=50K
36.0,HS,Tech,38.0,Midwest,M,<=50K
55.0,HS,Sales,38.0,Northeast,F,<=50K
59.0,Some-college,Admin,48.0,South,F,<=50K
38.0,Masters,Professional,58.0,Northeast,F,<=50K
42.0,Bachelors,Tech,35.0,West,M,<=50K
78.0,Bachelors,Professional,34.0,West,M,>50K
60.0,Doctorate,Professional,37.0,West,F,>50K
49.0,Some-college,Professional,31.0,South,F,<=50K
40.0,HS,Tech,30.0,Midwest,M,<=50K
64.0,Bachelors,Professional,37.0,Northeast,M,>50K
45.0,HS,Craft,47.0,South,F,<=50K
90.0,Masters,Tech,33.0,Midwest,M,<=50K
59.0,Masters,Tech,34.0,South,M,<=50K
73.0,Some-college,Craft,40.0,South,M,<=50K
57.0,Some-college,Tech,35.0,South,F,<=50K
83.0,Doctorate,Professional,63.0,Midwest,F,<=50K
60.0,Some-college,Service,55.0,West,M,<=50K
41.0,Some-college,Craft,41.0,West,M,<=50K
58.0,Bachelors,Craft,27.0,South,F,<=50K
49.0,Some-college,Professional,36.0,Midwest,M,>50K
57.0,Some-college,Professional,34.0,Midwest,M,<=50K
50.0,Masters,Professional,34.0,South,M,<=50K
53.0,Some-college,Craft,22.0,South,M,<=50K
46.0,Bachelors,Professional,36.0,West,M,<=50K
48.0,Some-college,Tech,36.0,Midwest,F,<=50K
57.0,Bachelors,Professional,36.0,West,M,<=50K
50.0,HS,Tech,30.0,South,F,<=50K
72.0,Masters,Professional,44.0,Midwest,M,<=50K
68.0,Some-college,Craft,34.0,South,F,<=50K
48.0,Masters,Tech,21.0,Northeast,F,<=50K
38.0,HS,Professional,31.0,West,M,<=50K
78.0,Bachelors,Craft,47.0,South,F,<=50K
48.0,Bachelors,Professional,52.0,West,M,<=50K
38.0,Bachelors,Professional,30.0,Midwest,M,<=50K
43.0,Some-college,Tech,39.0,South,F,<=50K
50.0,Bachelors,Tech,46.0,Midwest,M,<=50K
79.0,Some-college,Professional,48.0,Northeast,M,<=50K
68.0,Bachelors,Tech,37.0,Northeast,M,>50K
56.0,HS,Admin,44.0,South,F,<=50K
37.0,Bachelors,Professional,36.0,South,M,<=50K
49.0,Masters,Professional,25.0,South,F,<=50K
45.0,Masters,Professional,49.0,Midwest,F,<=50K
82.0,Masters,Professional,39.0,South,M,<=50K
51.0,Some-college,Tech,45.0,South,M,<=50K
90.0,Masters,Professional,36.0,Midwest,M,<=50K
62.0,Some-college,Craft,34.0,Northeast,M,<=50K
44.0,Bachelors,Tech,36.0,Midwest,M,<=50K
57.0,Bachelors,Tech,44.0,South,M,>50K
42.0,HS,Sales,29.0,Midwest,F,<=50K
62.0,Masters,Professional,55.0,Midwest,M,<=50K
30.0,Bachelors,Tech,58.0,West,M,>50K
76.0,Masters,Professional,20.0,South,F,>50K
57.0,Some-college,Sales,50.0,Midwest,F,<=50K
67.0,Masters,Professional,37.0,South,F,<=50K
38.0,Bachelors,Professional,45.0,Midwest,M,>50K
90.0,HS,Craft,39.0,Midwest,M,<=50K
37.0,HS,Craft,38.0,South,M,<=50K
57.0,Bachelors,Professional,49.0,Midwest,M,>50K
37.0,Some-college,Tech,40.0,West,M,<=50K
49.0,Bachelors,Professional,54.0,Northeast,F,>50K
59.0,Some-college,Tech,44.0,Northeast,F,<=50K
35.0,Masters,Professional,27.0,South,M,<=50K
51.0,HS,Craft,40.0,West,F,<=50K
61.0,HS,Professional,42.0,Northeast,F,>50K
40.0,Some-college,Professional,35.0,South,M,<=50K
70.0,HS,Craft,30.0,South,F,<=50K
51.0,Some-college,Craft,59.0,Northeast,M,<=50K
38.0,Some-college,Professional,39.0,Midwest,F,<=50K
44.0,HS,Service,40.0,Northeast,M,<=50K
42.0,Bachelors,Admin,26.0,Midwest,M,<=50K
53.0,Masters,Professional,46.0,South,M,>50K
64.0,Masters,Professional,40.0,West,F,>50K
53.0,Doctorate,Professional,51.0,South,M,<=50K
58.0,Masters,Tech,56.0,South,F,>50K
53.0,Bachelors,Tech,36.0,Midwest,M,<=50K
63.0,Doctorate,Professional,35.0,South,F,>50K
74.0,Masters,Professional,51.0,Midwest,M,>50K
34.0,Masters,Tech,49.0,Northeast,F,>50K
56.0,Bachelors,Professional,44.0,West,F,>50K
51.0,HS,Admin,48.0,Midwest,M,<=50K
81.0,Some-college,Craft,37.0,South,M,<=50K
72.0,Bachelors,Tech,41.0,South,F,>50K
37.0,Bachelors,Tech,40.0,Midwest,M,<=50K
46.0,Some-college,Tech,22.0,South,F,<=50K
32.0,Masters,Professional,45.0,Midwest,M,>50K
60.0,Some-college,Professional,48.0,Midwest,M,<=50K
58.0,Some-college,Professional,33.0,South,M,<=50K
49.0,Masters,Professional,36.0,West,F,<=50K
35.0,Bachelors,Tech,42.0,Midwest,F,<=50K
60.0,Bachelors,Tech,48.0,South,M,>50K
41.0,Masters,Tech,40.0,Midwest,M,<=50K
64.0,Masters,Professional,37.0,South,F,<=50K
42.0,Some-college,Craft,44.0,Northeast,F,>50K
90.0,Bachelors,Professional,39.0,Midwest,M,<=50K
80.0,HS,Sales,31.0,West,F,<=50K
80.0,Bachelors,Tech,37.0,South,M,<=50K
32.0,Bachelors,Professional,35.0,South,F,<=50K
72.0,HS,Tech,47.0,Midwest,F,<=50K
75.0,Doctorate,Professional,29.0,Midwest,F,>50K
43.0,Doctorate,Professional,34.0,South,M,<=50K
53.0,Bachelors,Professional,38.0,Midwest,F,>50K
47.0,Masters,Professional,41.0,Midwest,M,<=50K
68.0,Doctorate,Craft,62.0,Midwest,F,>50K
90.0,Bachelors,Tech,36.0,South,M,>50K
39.0,Masters,Professional,49.0,Northeast,F,>50K
37.0,Bachelors,Professional,47.0,South,M,<=50K
62.0,HS,Tech,53.0,Midwest,M,<=50K
40.0,Some-college,Professional,55.0,South,M,<=50K
67.0,Some-college,Craft,46.0,Midwest,F,>50K
48.0,Masters,Tech,33.0,South,M,>50K
61.0,Bachelors,Professional,38.0,South,F,<=50K
70.0,Masters,Professional,54.0,South,F,<=50K
57.0,Some-college,Craft,61.0,Northeast,F,<=50K
71.0,Some-college,Professional,52.0,South,M,>50K
40.0,Doctorate,Professional,61.0,Midwest,M,>50K
38.0,Doctorate,Professional,46.0,South,M,<=50K
57.0,Bachelors,Tech,34.0,West,F,>50K
39.0,Some-college,Craft,41.0,Northeast,M,<=50K
53.0,Masters,Tech,44.0,Midwest,F,>50K
63.0,Some-college,Professional,50.0,South,F,<=50K
53.0,Bachelors,Professional,49.0,South,M,<=50K
60.0,HS,Tech,34.0,Northeast,M,<=50K
58.0,Bachelors,Tech,52.0,South,M,<=50K
27.0,Bachelors,Tech,33.0,Midwest,F,<=50K
50.0,Some-college,Professional,44.0,Midwest,F,<=50K
47.0,Some-college,Professional,47.0,West,M,<=50K
80.0,HS,Sales,46.0,South,M,<=50K
77.0,Some-college,Tech,45.0,West,M,<=50K
46.0,Masters,Professional,36.0,South,M,<=50K
70.0,Bachelors,Professional,40.0,Midwest,M,<=50K
50.0,Masters,Tech,50.0,West,F,>50K
65.0,Some-college,Craft,37.0,Northeast,F,<=50K
37.0,Some-college,Professional,29.0,West,M,<=50K
65.0,Some-college,Professional,19.0,Northeast,F,<=50K
67.0,Bachelors,Professional,42.0,West,M,>50K
35.0,Bachelors,Professional,31.0,Northeast,M,<=50K
61.0,HS,Tech,42.0,Northeast,M,<=50K
79.0,Masters,Professional,31.0,Midwest,M,>50K
52.0,Bachelors,Professional,38.0,West,M,<=50K
75.0,Bachelors,Tech,37.0,South,M,<=50K
41.0,Bachelors,Professional,49.0,West,M,<=50K
40.0,Some-college,Admin,32.0,Midwest,M,<=50K
37.0,Bachelors,Professional,29.0,South,F,>50K
69.0,Bachelors,Craft,42.0,South,F,<=50K
29.0,Some-college,Service,45.0,West,M,<=50K
66.0,Bachelors,Professional,33.0,South,M,<=50K
50.0,Masters,Tech,46.0,South,F,<=50K
69.0,Bachelors,Tech,41.0,Northeast,F,<=50K
58.0,Bachelors,Professional,46.0,Northeast,M,<=50K
53.0,Bachelors,Craft,25.0,Northeast,M,<=50K
66.0,Some-college,Professional,42.0,West,F,>50K
71.0,Some-college,Tech,39.0,South,M,<=50K
75.0,HS,Craft,42.0,Midwest,F,<=50K
73.0,Bachelors,Professional,35.0,South,M,<=50K
68.0,Masters,Professional,40.0,South,F,<=50K
46.0,Some-college,Professional,22.0,South,M,<=50K
51.0,Some-college,Professional,41.0,South,F,<=50K
34.0,Bachelors,Tech,51.0,South,F,<=50K
50.0,Bachelors,Professional,43.0,West,M,<=50K
50.0,Bachelors,Craft,42.0,South,F,>50K
79.0,Masters,Professional,43.0,Midwest,M,<=50K
90.0,Masters,Professional,50.0,West,F,>50K
38.0,Bachelors,Craft,34.0,West,F,<=50K
33.0,Some-college,Tech,26.0,Midwest,M,<=50K
44.0,Masters,Tech,31.0,South,M,<=50K
57.0,Bachelors,Professional,36.0,South,F,<=50K
89.0,Some-college,Sales,39.0,South,F,<=50K
37.0,Bachelors,Professional,47.0,West,M,<=50K
37.0,Masters,Professional,33.0,South,M,<=50K
38.0,HS,Professional,31.0,West,M,<=50K
77.0,Masters,Tech,48.0,Midwest,M,<=50K
44.0,Some-college,Service,50.0,South,F,<=50K
49.0,Doctorate,Professional,34.0,Midwest,F,>50K
38.0,Bachelors,Tech,46.0,West,F,<=50K
63.0,Bachelors,Professional,40.0,Northeast,F,<=50K
48.0,Masters,Professional,37.0,Midwest,M,<=50K
53.0,Masters,Professional,40.0,South,F,>50K
44.0,Some-college,Craft,33.0,Midwest,M,<=50K
45.0,Bachelors,Professional,26.0,South,M,<=50K
75.0,Some-college,Professional,28.0,Midwest,M,<=50K
45.0,Masters,Professional,34.0,South,F,<=50K
65.0,HS,Tech,44.0,Midwest,M,<=50K
47.0,Some-college,Professional,44.0,Midwest,M,<=50K
39.0,HS,Sales,47.0,Northeast,F,<=50K
59.0,Bachelors,Professional,34.0,Midwest,F,<=50K
41.0,HS,Craft,40.0,Northeast,F,<=50K
54.0,Some-college,Tech,28.0,South,F,<=50K
72.0,Bachelors,Professional,32.0,South,F,>50K
49.0,Some-college,Admin,50.0,South,F,>50K
44.0,Some-college,Professional,39.0,South,F,<=50K
73.0,Some-college,Tech,57.0,West,F,<=50K
51.0,Some-college,Professional,47.0,West,M,<=50K
43.0,HS,Tech,36.0,West,M,<=50K
53.0,Bachelors,Professional,35.0,West,F,>50K
65.0,Masters,Professional,23.0,Northeast,M,<=50K
63.0,Masters,Professional,53.0,South,F,<=50K
59.0,Bachelors,Professional,50.0,West,F,<=50K
62.0,Masters,Professional,73.0,South,M,>50K
52.0,Bachelors,Professional,60.0,South,M,>50K
38.0,Masters,Professional,43.0,Midwest,F,>50K
53.0,Bachelors,Craft,32.0,West,M,<=50K
32.0,Bachelors,Professional,23.0,Northeast,M,<=50K
61.0,Some-college,Tech,38.0,Northeast,F,<=50K
40.0,HS,Craft,40.0,South,F,<=50K
37.0,Bachelors,Professional,26.0,South,M,>50K
82.0,Bachelors,Professional,45.0,South,M,<=50K
57.0,Doctorate,Professional,50.0,Northeast,F,>50K
56.0,HS,Professional,33.0,West,M,<=50K
48.0,Masters,Professional,39.0,West,F,<=50K
54.0,Some-college,Tech,29.0,South,F,>50K
43.0,Bachelors,Professional,49.0,West,F,<=50K
46.0,Some-college,Professional,33.0,South,F,<=50K
53.0,Bachelors,Professional,31.0,Midwest,M,>50K
53.0,Bachelors,Professional,24.0,South,M,<=50K
25.0,Bachelors,Tech,28.0,South,M,<=50K
78.0,Bachelors,Tech,24.0,Northeast,M,<=50K
43.0,Bachelors,Professional,50.0,South,F,<=50K
68.0,Masters,Professional,47.0,West,M,<=50K
75.0,Masters,Tech,29.0,South,F,<=50K
59.0,Bachelors,Tech,33.0,Northeast,M,<=50K
46.0,Masters,Tech,40.0,West,M,>50K
62.0,Bachelors,Professional,42.0,West,M,<=50K
47.0,Bachelors,Tech,31.0,South,F,<=50K
39.0,Some-college,Sales,52.0,Midwest,M,>50K
26.0,Some-college,Tech,43.0,Midwest,M,<=50K
64.0,HS,Sales,59.0,Midwest,M,<=50K
55.0,Bachelors,Tech,16.0,West,F,<=50K
80.0,Some-college,Tech,25.0,Northeast,F,>50K
52.0,Bachelors,Professional,48.0,Midwest,M,<=50K
57.0,Doctorate,Professional,43.0,South,F,<=50K
56.0,HS,Craft,39.0,Midwest,M,<=50K
49.0,Masters,Tech,30.0,West,F,<=50K
61.0,Bachelors,Professional,46.0,West,F,<=50K
62.0,Bachelors,Professional,37.0,Northeast,F,>50K
62.0,Some-college,Tech,53.0,South,M,<=50K
41.0,Bachelors,Professional,50.0,Northeast,M,<=50K
49.0,Bachelors,Professional,49.0,West,F,<=50K
90.0,Doctorate,Professional,21.0,West,M,>50K
56.0,Doctorate,Professional,44.0,Midwest,M,<=50K
44.0,Bachelors,Craft,56.0,Northeast,F,>50K
35.0,Some-college,Craft,56.0,South,F,<=50K
76.0,Doctorate,Professional,51.0,West,F,>50K
72.0,Bachelors,Professional,51.0,South,F,<=50K
59.0,Bachelors,Professional,34.0,Midwest,F,>50K
47.0,Bachelors,Professional,54.0,South,F,>50K
64.0,Bachelors,Professional,58.0,South,M,<=50K
73.0,Masters,Tech,44.0,South,F,<=50K
55.0,Some-college,Professional,46.0,South,F,<=50K
54.0,Bachelors,Professional,40.0,Midwest,F,<=50K
47.0,Doctorate,Professional,43.0,Midwest,M,>50K
53.0,Masters,Professional,38.0,West,F,>50K
41.0,Bachelors,Craft,44.0,Midwest,M,<=50K
57.0,Bachelors,Professional,40.0,Midwest,M,>50K
41.0,Some-college,Admin,26.0,Northeast,F,<=50K
44.0,Masters,Professional,35.0,West,F,<=50K
38.0,Some-college,Sales,43.0,Northeast,M,<=50K
36.0,Bachelors,Professional,41.0,Midwest,M,<=50K
55.0,Some-college,Admin,54.0,Midwest,F,>50K
87.0,Bachelors,Professional,47.0,West,F,>50K
31.0,Bachelors,Craft,50.0,Midwest,F,<=50K
52.0,Bachelors,Professional,41.0,South,M,<=50K
34.0,Some-college,Professional,49.0,South,M,<=50K
52.0,Bachelors,Professional,35.0,Northeast,F,>50K
34.0,Bachelors,Professional,33.0,South,M,<=50K
51.0,Some-college,Tech,49.0,West,F,<=50K
47.0,Some-college,Tech,43.0,West,M,<=50K
54.0,Bachelors,Admin,34.0,West,M,<=50K
59.0,Masters,Professional,50.0,Midwest,M,<=50K
50.0,Masters,Professional,54.0,Midwest,F,>50K
52.0,Bachelors,Professional,48.0,Northeast,F,<=50K
42.0,Some-college,Tech,52.0,West,F,<=50K
45.0,Bachelors,Craft,49.0,Northeast,M,<=50K
49.0,Doctorate,Professional,49.0,Northeast,F,>50K
51.0,Masters,Professional,34.0,Northeast,F,>50K
57.0,Some-college,Tech,24.0,Midwest,M,<=50K
59.0,Bachelors,Professional,38.0,West,F,<=50K
36.0,Some-college,Craft,10.0,South,M,<=50K
70.0,Bachelors,Tech,36.0,South,F,<=50K
59.0,HS,Tech,31.0,Northeast,F,<=50K
52.0,Bachelors,Professional,42.0,South,F,<=50K
53.0,HS,Professional,35.0,West,F,>50K
40.0,Some-college,Professional,40.0,Northeast,F,>50K
61.0,Masters,Tech,33.0,West,M,<=50K
28.0,Bachelors,Tech,35.0,South,F,<=50K
28.0,Some-college,Professional,51.0,Midwest,M,<=50K
64.0,Some-college,Tech,32.0,South,F,<=50K
44.0,Some-college,Professional,25.0,Northeast,M,<=50K
49.0,HS,Craft,54.0,South,M,<=50K
42.0,Some-college,Professional,47.0,South,M,<=50K
63.0,Bachelors,Professional,41.0,South,F,<=50K
39.0,HS,Admin,36.0,South,F,<=50K
52.0,Masters,Professional,44.0,South,M,<=50K
59.0,Bachelors,Tech,38.0,Midwest,F,<=50K
82.0,Bachelors,Tech,48.0,West,F,<=50K
71.0,Doctorate,Professional,38.0,Northeast,M,<=50K
53.0,Bachelors,Professional,35.0,West,M,<=50K
66.0,Bachelors,Professional,46.0,Midwest,F,<=50K
46.0,Doctorate,Professional,33.0,Northeast,M,>50K
53.0,Masters,Tech,46.0,West,M,>50K
65.0,Some-college,Professional,30.0,South,F,<=50K
78.0,Bachelors,Professional,35.0,South,M,<=50K
37.0,Some-college,Professional,41.0,South,M,<=50K
47.0,HS,Professional,34.0,West,M,<=50K
61.0,Doctorate,Professional,50.0,West,F,<=50K
63.0,Masters,Professional,40.0,South,M,<=50K
58.0,HS,Sales,43.0,West,F,<=50K
51.0,Bachelors,Professional,23.0,West,M,>50K
40.0,HS,Professional,45.0,South,M,<=50K
38.0,Masters,Professional,40.0,West,F,<=50K
60.0,Bachelors,Tech,23.0,Northeast,M,<=50K
45.0,Some-college,Professional,43.0,South,M,<=50K
50.0,Masters,Professional,44.0,South,F,<=50K
43.0,Bachelors,Professional,34.0,Northeast,M,>50K
46.0,Some-college,Professional,31.0,Northeast,F,<=50K
41.0,Masters,Professional,27.0,South,F,<=50K
48.0,Some-college,Professional,41.0,Northeast,M,<=50K
49.0,Masters,Professional,41.0,West,M,>50K
60.0,Bachelors,Professional,39.0,West,F,<=50K
41.0,Bachelors,Professional,58.0,Northeast,F,<=50K
32.0,Bachelors,Professional,38.0,Northeast,F,<=50K
48.0,Masters,Craft,42.0,West,M,<=50K
57.0,Some-college,Tech,27.0,West,F,>50K
45.0,Doctorate,Professional,43.0,South,F,<=50K
66.0,Bachelors,Professional,49.0,South,M,<=50K
52.0,Doctorate,Professional,33.0,West,F,<=50K
41.0,Some-college,Professional,59.0,Midwest,M,<=50K
64.0,Bachelors,Professional,36.0,South,M,>50K
58.0,Bachelors,Professional,43.0,Midwest,M,<=50K
49.0,Masters,Professional,37.0,South,F,<=50K
48.0,Some-college,Professional,37.0,West,M,<=50K
39.0,Bachelors,Tech,14.0,South,M,<=50K
31.0,HS,Professional,46.0,South,M,>50K
60.0,Some-college,Tech,21.0,South,F,<=50K
90.0,Bachelors,Professional,49.0,Midwest,F,<=50K
66.0,Bachelors,Tech,31.0,Northeast,M,<=50K
61.0,HS,Sales,36.0,South,F,<=50K
54.0,Bachelors,Tech,64.0,West,M,<=50K
47.0,Some-college,Craft,32.0,West,M,<=50K
83.0,Doctorate,Tech,37.0,South,M,<=50K
57.0,Bachelors,Professional,30.0,Midwest,M,<=50K
72.0,Doctorate,Professional,39.0,South,F,>50K
51.0,Bachelors,Professional,45.0,South,M,<=50K
64.0,Bachelors,Tech,55.0,South,M,<=50K
66.0,Some-college,Tech,17.0,South,F,<=50K
42.0,Some-college,Tech,39.0,West,F,<=50K
36.0,Bachelors,Admin,45.0,South,M,<=50K
62.0,HS,Sales,49.0,Northeast,F,<=50K
69.0,Masters,Tech,34.0,South,M,<=50K
62.0,Some-college,Craft,42.0,South,M,<=50K
47.0,Some-college,Tech,58.0,West,F,>50K
34.0,HS,Professional,42.0,Midwest,M,<=50K
44.0,Bachelors,Professional,59.0,South,F,<=50K
71.0,Masters,Professional,30.0,Midwest,M,>50K
67.0,Bachelors,Professional,35.0,South,F,<=50K
48.0,Bachelors,Professional,41.0,West,F,>50K
66.0,Bachelors,Professional,32.0,South,F,<=50K
50.0,Bachelors,Professional,47.0,Midwest,F,>50K
41.0,Masters,Tech,30.0,South,F,<=50K
53.0,Some-college,Professional,44.0,South,M,>50K
43.0,Bachelors,Professional,27.0,South,M,<=50K
68.0,Masters,Professional,33.0,West,M,<=50K
43.0,Some-college,Admin,42.0,West,F,<=50K
56.0,Bachelors,Tech,47.0,Northeast,F,>50K
73.0,Bachelors,Professional,32.0,South,M,<=50K
52.0,Some-college,Craft,27.0,West,M,>50K
43.0,Doctorate,Professional,45.0,South,F,<=50K
69.0,Some-college,Tech,32.0,Northeast,F,>50K
60.0,Doctorate,Professional,45.0,Northeast,F,<=50K
73.0,Masters,Professional,52.0,South,M,<=50K
51.0,HS,Sales,47.0,West,M,<=50K
60.0,Bachelors,Professional,27.0,West,F,<=50K
51.0,Masters,Professional,52.0,South,F,<=50K
62.0,Masters,Professional,51.0,South,F,<=50K
54.0,Some-college,Professional,36.0,South,F,>50K
47.0,Bachelors,Professional,37.0,South,F,<=50K
38.0,HS,Admin,52.0,Midwest,M,<=50K
43.0,Some-college,Professional,43.0,West,M,<=50K
47.0,Some-college,Admin,45.0,Midwest,M,<=50K
60.0,Bachelors,Professional,51.0,Northeast,M,<=50K
61.0,Doctorate,Professional,46.0,South,F,>50K
50.0,Bachelors,Professional,67.0,West,F,<=50K
67.0,Masters,Professional,54.0,South,F,>50K
86.0,Some-college,Professional,40.0,South,M,<=50K
47.0,HS,Admin,42.0,South,M,<=50K
64.0,Some-college,Craft,39.0,South,M,<=50K
59.0,Doctorate,Tech,52.0,Midwest,F,<=50K
58.0,HS,Craft,31.0,Northeast,M,<=50K
54.0,HS,Service,49.0,South,F,<=50K
28.0,Some-college,Tech,32.0,Northeast,F,<=50K
71.0,Masters,Tech,24.0,South,F,<=50K
30.0,HS,Tech,47.0,West,M,<=50K
33.0,Some-college,Tech,43.0,South,F,<=50K
57.0,HS,Sales,44.0,Northeast,M,<=50K
67.0,Masters,Professional,38.0,Midwest,M,<=50K
63.0,Masters,Professional,41.0,Midwest,F,<=50K
39.0,Bachelors,Professional,34.0,West,F,>50K
38.0,Bachelors,Professional,52.0,South,M,<=50K
55.0,Bachelors,Admin,54.0,Northeast,F,<=50K
33.0,Bachelors,Tech,38.0,Northeast,F,>50K
79.0,Some-college,Professional,40.0,West,M,<=50K
83.0,Some-college,Professional,42.0,South,M,>50K
51.0,Some-college,Admin,49.0,Northeast,F,<=50K
50.0,Bachelors,Professional,43.0,South,M,<=50K
56.0,Some-college,Professional,37.0,Northeast,F,<=50K
90.0,Masters,Professional,36.0,South,F,<=50K
40.0,HS,Service,43.0,South,M,<=50K
42.0,Bachelors,Professional,39.0,West,M,<=50K
60.0,Bachelors,Professional,38.0,South,F,<=50K
46.0,Masters,Tech,52.0,Midwest,F,>50K
67.0,Bachelors,Professional,45.0,South,M,>50K
90.0,Some-college,Craft,46.0,South,F,<=50K
66.0,Some-college,Professional,33.0,West,M,<=50K
44.0,Masters,Professional,48.0,South,F,>50K
56.0,Some-college,Professional,42.0,West,F,<=50K
49.0,Some-college,Craft,39.0,South,M,<=50K
39.0,Some-college,Service,34.0,Midwest,F,<=50K
65.0,Bachelors,Professional,36.0,South,M,>50K
77.0,Bachelors,Tech,36.0,West,F,>50K
63.0,HS,Service,43.0,West,M,<=50K
88.0,Bachelors,Professional,38.0,West,M,<=50K
42.0,Masters,Professional,59.0,South,M,<=50K
51.0,Masters,Professional,46.0,South,F,<=50K
36.0,Some-college,Admin,42.0,Midwest,M,>50K
55.0,Some-college,Professional,41.0,South,M,<=50K
78.0,Masters,Professional,33.0,South,M,>50K
53.0,Bachelors,Tech,34.0,South,M,>50K
48.0,HS,Sales,44.0,West,F,<=50K
66.0,Bachelors,Tech,28.0,Northeast,F,<=50K
77.0,Masters,Professional,55.0,Midwest,M,<=50K
57.0,Masters,Professional,56.0,South,M,<=50K
52.0,Some-college,Professional,28.0,Northeast,F,<=50K
77.0,Masters,Professional,51.0,South,F,>50K
62.0,Some-college,Tech,52.0,Northeast,F,>50K
79.0,Masters,Professional,50.0,South,F,<=50K
45.0,Bachelors,Tech,47.0,West,F,<=50K
53.0,Bachelors,Craft,56.0,South,F,<=50K
45.0,Some-college,Professional,34.0,Midwest,M,<=50K
35.0,Some-college,Craft,35.0,South,F,<=50K
40.0,Some-college,Professional,46.0,South,M,<=50K
63.0,HS,Craft,42.0,South,M,<=50K
69.0,Masters,Professional,28.0,Northeast,F,<=50K
49.0,Bachelors,Professional,49.0,West,F,<=50K
47.0,Some-college,Craft,51.0,Northeast,F,<=50K
78.0,Bachelors,Professional,38.0,South,F,<=50K
44.0,Bachelors,Professional,44.0,Midwest,M,<=50K
63.0,Bachelors,Tech,50.0,Midwest,M,<=50K
38.0,HS,Sales,21.0,Midwest,F,<=50K
34.0,Bachelors,Craft,34.0,Midwest,F,<=50K
56.0,Bachelors,Professional,34.0,Northeast,F,<=50K
52.0,Bachelors,Tech,40.0,South,M,>50K
44.0,HS,Tech,30.0,West,F,<=50K
35.0,Some-college,Craft,28.0,Midwest,M,<=50K
58.0,HS,Sales,44.0,Midwest,F,<=50K
42.0,Bachelors,Professional,57.0,Midwest,F,<=50K
88.0,Doctorate,Professional,27.0,South,F,<=50K
62.0,Masters,Professional,56.0,West,F,>50K
45.0,Some-college,Professional,50.0,West,F,>50K
39.0,Some-college,Tech,49.0,West,M,<=50K
53.0,Some-college,Craft,54.0,West,M,<=50K
44.0,Bachelors,Professional,37.0,Midwest,F,<=50K
37.0,Some-college,Craft,50.0,Midwest,F,<=50K
64.0,Some-college,Professional,28.0,South,M,<=50K
43.0,HS,Sales,34.0,West,F,<=50K
63.0,Some-college,Craft,45.0,West,F,<=50K
45.0,Some-college,Tech,48.0,South,M,<=50K
59.0,Some-college,Craft,29.0,Midwest,F,<=50K
57.0,Masters,Professional,25.0,South,F,<=50K
73.0,Some-college,Professional,45.0,West,M,<=50K
68.0,Some-college,Admin,44.0,South,F,<=50K
41.0,Bachelors,Professional,47.0,Midwest,M,<=50K
69.0,Some-college,Professional,41.0,South,F,<=50K
90.0,Bachelors,Craft,26.0,Northeast,F,<=50K
42.0,Bachelors,Professional,51.0,Northeast,M,<=50K
66.0,Bachelors,Professional,49.0,Midwest,F,>50K
52.0,Some-college,Tech,43.0,West,M,<=50K
60.0,Masters,Craft,61.0,South,M,>50K
90.0,Doctorate,Professional,40.0,South,F,>50K
27.0,HS,Admin,52.0,Northeast,M,<=50K
40.0,Some-college,Professional,39.0,South,F,<=50K
55.0,Masters,Professional,15.0,South,F,<=50K
39.0,Some-college,Professional,30.0,South,F,<=50K
51.0,Some-college,Craft,17.0,Midwest,F,<=50K
70.0,Some-college,Professional,39.0,West,M,>50K
54.0,Masters,Professional,52.0,Midwest,F,>50K
41.0,Some-college,Professional,25.0,Midwest,M,>50K
72.0,Bachelors,Tech,48.0,South,M,<=50K
61.0,Bachelors,Craft,39.0,Northeast,F,<=50K
43.0,Some-college,Tech,49.0,West,M,>50K
62.0,Bachelors,Professional,45.0,West,M,<=50K
32.0,Bachelors,Professional,30.0,Midwest,M,<=50K
57.0,Masters,Professional,47.0,South,M,<=50K
50.0,Masters,Professional,41.0,Midwest,F,<=50K
75.0,HS,Sales,49.0,West,F,<=50K
52.0,Masters,Professional,59.0,South,M,<=50K
33.0,Bachelors,Professional,38.0,South,F,<=50K
90.0,Masters,Professional,53.0,South,M,>50K
54.0,Some-college,Professional,41.0,West,M,<=50K
57.0,Masters,Professional,47.0,South,F,>50K
36.0,Bachelors,Tech,41.0,Midwest,F,<=50K
90.0,Some-college,Professional,32.0,South,F,<=50K
84.0,Masters,Professional,40.0,Northeast,F,>50K
81.0,Some-college,Service,36.0,West,M,<=50K
62.0,Some-college,Professional,47.0,Midwest,M,<=50K
72.0,Bachelors,Professional,32.0,South,F,<=50K
69.0,Some-college,Professional,33.0,West,F,<=50K
36.0,Bachelors,Professional,48.0,West,M,<=50K
80.0,Bachelors,Professional,45.0,West,M,<=50K
38.0,Bachelors,Tech,45.0,Northeast,M,<=50K
65.0,Masters,Tech,47.0,West,M,<=50K
27.0,Some-college,Professional,47.0,South,F,<=50K
69.0,Masters,Professional,46.0,Midwest,F,<=50K
33.0,Bachelors,Professional,48.0,South,F,<=50K
72.0,Some-college,Tech,34.0,West,M,<=50K
62.0,Masters,Professional,47.0,West,F,<=50K
60.0,Bachelors,Craft,35.0,South,M,<=50K
49.0,Bachelors,Professional,30.0,West,M,<=50K
58.0,Masters,Professional,40.0,Northeast,F,<=50K
70.0,Doctorate,Professional,47.0,South,F,<=50K
43.0,Bachelors,Craft,41.0,Northeast,F,<=50K
39.0,HS,Professional,57.0,Midwest,F,<=50K
73.0,Bachelors,Tech,47.0,Midwest,M,<=50K
29.0,Some-college,Tech,42.0,Northeast,M,<=50K
76.0,Bachelors,Professional,42.0,West,M,<=50K
29.0,Bachelors,Professional,26.0,Northeast,M,<=50K
52.0,Some-college,Professional,42.0,South,F,<=50K
79.0,Doctorate,Professional,41.0,Northeast,F,<=50K
76.0,Bachelors,Professional,57.0,South,M,>50K
36.0,Bachelors,Professional,33.0,Midwest,M,<=50K
47.0,Masters,Professional,40.0,Northeast,M,<=50K
71.0,Masters,Professional,35.0,South,M,<=50K
70.0,Masters,Professional,43.0,South,F,>50K
24.0,Bachelors,Professional,21.0,South,F,<=50K
61.0,Bachelors,Professional,45.0,West,F,>50K
40.0,Bachelors,Tech,41.0,South,F,>50K
90.0,HS,Service,40.0,West,M,<=50K
44.0,HS,Sales,65.0,South,M,<=50K
90.0,Masters,Professional,37.0,Northeast,F,>50K
64.0,Bachelors,Professional,46.0,Midwest,M,<=50K
73.0,Doctorate,Professional,41.0,Midwest,F,>50K
71.0,Doctorate,Professional,51.0,South,M,>50K
62.0,Some-college,Craft,62.0,West,M,<=50K
46.0,Bachelors,Professional,57.0,South,M,<=50K
46.0,Doctorate,Professional,44.0,South,M,<=50K
45.0,Some-college,Service,30.0,Northeast,M,<=50K
39.0,Bachelors,Professional,44.0,West,F,<=50K
49.0,Some-college,Professional,27.0,Midwest,F,<=50K
56.0,Bachelors,Professional,34.0,South,M,>50K
51.0,Some-college,Craft,36.0,West,M,<=50K
74.0,Bachelors,Craft,31.0,West,M,>50K
50.0,Masters,Professional,42.0,South,M,>50K
72.0,Some-college,Professional,38.0,West,M,<=50K
62.0,Bachelors,Professional,35.0,South,M,<=50K
86.0,Some-college,Professional,42.0,South,F,<=50K
64.0,Bachelors,Admin,35.0,South,M,<=50K
78.0,Bachelors,Professional,52.0,South,M,<=50K
68.0,Some-college,Tech,47.0,South,F,<=50K
55.0,Bachelors,Professional,38.0,West,M,<=50K
73.0,Some-college,Sales,45.0,South,F,<=50K
40.0,Some-college,Tech,34.0,West,F,<=50K
58.0,Masters,Tech,36.0,South,M,<=50K
58.0,HS,Admin,51.0,South,M,<=50K
72.0,Masters,Professional,27.0,West,F,<=50K
37.0,Bachelors,Professional,44.0,Midwest,M,<=50K
55.0,Some-college,Admin,59.0,Midwest,M,<=50K
66.0,Masters,Professional,22.0,South,M,<=50K
70.0,Masters,Professional,63.0,Midwest,M,<=50K
47.0,HS,Service,24.0,Midwest,F,<=50K
38.0,Bachelors,Tech,20.0,Midwest,F,<=50K
62.0,Bachelors,Professional,23.0,South,M,<=50K
37.0,Some-college,Tech,29.0,South,M,<=50K
56.0,Bachelors,Tech,36.0,West,M,>50K
54.0,Masters,Professional,24.0,South,F,<=50K
59.0,Some-college,Craft,40.0,South,M,>50K
80.0,HS,Professional,47.0,South,F,<=50K
72.0,Bachelors,Professional,34.0,South,M,<=50K
63.0,Some-college,Craft,43.0,South,F,<=50K
68.0,HS,Professional,47.0,Midwest,M,<=50K
53.0,Some-college,Tech,57.0,West,M,<=50K
61.0,HS,Tech,41.0,South,F,<=50K
60.0,Some-college,Professional,48.0,South,F,<=50K
47.0,Masters,Professional,46.0,South,F,<=50K
58.0,HS,Tech,42.0,West,F,<=50K
90.0,Masters,Professional,35.0,South,M,<=50K
54.0,Some-college,Professional,45.0,West,F,<=50K
58.0,Some-college,Craft,48.0,South,F,<=50K
42.0,Some-college,Admin,29.0,West,F,<=50K
43.0,Bachelors,Professional,37.0,South,F,>50K
39.0,Bachelors,Professional,43.0,Midwest,M,>50K
45.0,Some-college,Professional,44.0,West,M,<=50K
86.0,Some-college,Craft,42.0,West,M,<=50K
81.0,Bachelors,Admin,55.0,Northeast,M,<=50K
56.0,Masters,Professional,51.0,West,F,>50K
30.0,HS,Tech,27.0,Midwest,M,<=50K
78.0,Bachelors,Craft,55.0,Midwest,F,<=50K
47.0,Bachelors,Tech,35.0,Northeast,M,>50K
41.0,HS,Admin,33.0,West,M,<=50K
82.0,Masters,Professional,49.0,South,M,>50K
57.0,Bachelors,Professional,39.0,Midwest,F,>50K
90.0,Doctorate,Professional,22.0,Midwest,M,<=50K
59.0,Doctorate,Professional,47.0,West,F,>50K
45.0,Some-college,Professional,45.0,Midwest,M,<=50K
46.0,Some-college,Professional,46.0,South,F,<=50K
31.0,HS,Service,26.0,South,M,<=50K
56.0,HS,Service,49.0,South,F,<=50K
47.0,Masters,Professional,35.0,Northeast,F,>50K
65.0,Bachelors,Professional,50.0,Midwest,M,<=50K
53.0,Some-college,Professional,30.0,South,M,<=50K
90.0,Bachelors,Admin,29.0,South,M,<=50K
47.0,Bachelors,Professional,23.0,West,F,<=50K
61.0,Masters,Professional,34.0,Midwest,M,<=50K
90.0,Bachelors,Craft,48.0,Midwest,F,<=50K
68.0,Bachelors,Tech,43.0,South,F,<=50K
86.0,Bachelors,Tech,34.0,South,F,<=50K
84.0,Doctorate,Professional,52.0,West,M,>50K
53.0,HS,Admin,43.0,Midwest,M,<=50K
49.0,HS,Sales,48.0,Northeast,F,<=50K
29.0,Bachelors,Tech,41.0,South,M,<=50K
55.0,Bachelors,Tech,41.0,Midwest,F,<=50K
53.0,Masters,Professional,43.0,West,F,>50K
60.0,Masters,Professional,46.0,South,F,>50K
87.0,Doctorate,Craft,49.0,Midwest,F,>50K
52.0,Some-college,Professional,47.0,South,M,<=50K
51.0,Bachelors,Professional,50.0,West,M,>50K
64.0,Bachelors,Professional,31.0,Northeast,F,<=50K
52.0,Masters,Professional,24.0,South,F,<=50K
48.0,Bachelors,Craft,44.0,Northeast,F,>50K
44.0,Masters,Professional,42.0,West,M,>50K
55.0,Some-college,Sales,46.0,South,F,<=50K
61.0,Bachelors,Tech,32.0,South,F,<=50K
42.0,Some-college,Professional,42.0,Midwest,F,<=50K
48.0,Some-college,Admin,31.0,South,M,<=50K
56.0,Some-college,Tech,42.0,Northeast,F,<=50K
43.0,Some-college,Professional,40.0,Northeast,M,<=50K
70.0,Masters,Professional,39.0,South,F,<=50K
71.0,Bachelors,Professional,44.0,South,F,<=50K
51.0,Masters,Professional,37.0,Northeast,F,<=50K
90.0,Some-college,Admin,37.0,Midwest,F,<=50K
72.0,HS,Tech,47.0,Northeast,F,<=50K
64.0,Some-college,Tech,55.0,West,M,<=50K
61.0,Bachelors,Tech,45.0,South,M,<=50K
77.0,Masters,Professional,48.0,South,M,>50K
84.0,Masters,Professional,44.0,Northeast,F,>50K
62.0,Masters,Professional,57.0,Midwest,F,>50K
90.0,Doctorate,Professional,57.0,South,M,>50K
56.0,Masters,Admin,36.0,Midwest,F,<=50K
47.0,Bachelors,Craft,47.0,South,M,>50K
44.0,Some-college,Tech,43.0,West,F,<=50K
49.0,Bachelors,Professional,56.0,South,F,<=50K
52.0,Some-college,Craft,19.0,West,F,<=50K
50.0,Some-college,Craft,35.0,Midwest,F,<=50K
47.0,Bachelors,Professional,25.0,South,M,<=50K
65.0,Bachelors,Tech,54.0,Northeast,M,>50K
39.0,Masters,Professional,43.0,Northeast,F,<=50K
38.0,Some-college,Professional,46.0,South,M,<=50K
55.0,Masters,Professional,45.0,South,F,>50K
50.0,Bachelors,Tech,44.0,South,F,>50K
43.0,Some-college,Tech,44.0,Northeast,M,<=50K
90.0,Some-college,Professional,34.0,South,F,>50K
51.0,Some-college,Professional,23.0,West,M,<=50K
61.0,HS,Service,45.0,West,M,<=50K
39.0,Masters,Professional,39.0,Northeast,F,<=50K
90.0,Some-college,Professional,32.0,Midwest,F,>50K
50.0,Bachelors,Professional,36.0,Midwest,M,>50K
71.0,Bachelors,Professional,53.0,Midwest,F,>50K
59.0,Some-college,Craft,35.0,South,F,<=50K
65.0,Some-college,Tech,32.0,West,M,<=50K
47.0,Bachelors,Professional,47.0,Northeast,M,>50K
28.0,Bachelors,Professional,51.0,South,F,<=50K
36.0,Bachelors,Professional,28.0,West,F,<=50K
85.0,Bachelors,Tech,30.0,West,F,<=50K
64.0,HS,Craft,32.0,South,M,<=50K
66.0,HS,Tech,45.0,Midwest,M,<=50K
47.0,Doctorate,Professional,46.0,South,F,<=50K
50.0,Some-college,Sales,54.0,West,M,<=50K
50.0,HS,Admin,41.0,Northeast,F,<=50K
40.0,Masters,Professional,38.0,Midwest,M,<=50K
67.0,HS,Professional,36.0,West,F,<=50K
45.0,Bachelors,Tech,51.0,South,F,<=50K
34.0,Masters,Professional,34.0,Northeast,M,<=50K
56.0,Bachelors,Professional,34.0,West,F,>50K
53.0,Masters,Tech,39.0,South,M,<=50K
46.0,HS,Professional,41.0,South,M,<=50K
59.0,Some-college,Professional,45.0,South,M,<=50K
65.0,Bachelors,Professional,36.0,Midwest,M,<=50K
75.0,Bachelors,Professional,57.0,South,M,<=50K
47.0,Bachelors,Professional,59.0,Midwest,M,>50K
45.0,Bachelors,Professional,30.0,South,M,>50K
67.0,Some-college,Tech,43.0,West,M,<=50K
56.0,HS,Sales,32.0,South,M,<=50K
49.0,Bachelors,Professional,39.0,South,M,<=50K
69.0,Bachelors,Professional,30.0,Midwest,F,<=50K
80.0,Masters,Professional,37.0,South,M,<=50K
67.0,Doctorate,Professional,44.0,West,F,<=50K
42.0,Bachelors,Professional,42.0,Northeast,F,<=50K
27.0,Bachelors,Craft,25.0,South,F,<=50K
71.0,Some-college,Professional,23.0,Midwest,F,<=50K
51.0,Masters,Professional,24.0,Northeast,M,<=50K
54.0,Bachelors,Professional,53.0,Midwest,M,>50K
90.0,Bachelors,Tech,36.0,Northeast,M,>50K
70.0,Masters,Tech,42.0,Northeast,M,>50K
58.0,Some-college,Tech,55.0,South,F,>50K
55.0,Bachelors,Professional,32.0,Midwest,M,<=50K
35.0,Bachelors,Professional,43.0,South,F,<=50K
65.0,Doctorate,Tech,35.0,West,M,>50K
53.0,HS,Professional,43.0,South,M,<=50K
61.0,Bachelors,Professional,24.0,South,F,<=50K
80.0,Doctorate,Professional,36.0,West,M,>50K
45.0,Some-college,Craft,40.0,South,M,>50K
63.0,Some-college,Professional,42.0,Northeast,M,<=50K
31.0,Masters,Professional,25.0,Northeast,F,>50K
33.0,Doctorate,Professional,37.0,South,M,<=50K
61.0,Bachelors,Professional,50.0,Midwest,M,<=50K
69.0,Some-college,Professional,40.0,Midwest,M,<=50K
45.0,Some-college,Craft,49.0,South,F,<=50K
75.0,Bachelors,Professional,46.0,South,F,<=50K
55.0,Some-college,Craft,44.0,Midwest,M,<=50K
74.0,Some-college,Craft,37.0,South,M,<=50K
44.0,Bachelors,Professional,41.0,West,M,>50K
43.0,Bachelors,Professional,32.0,Midwest,F,<=50K
77.0,Masters,Professional,46.0,West,M,>50K
80.0,Bachelors,Tech,43.0,South,M,<=50K
42.0,HS,Service,51.0,Northeast,M,<=50K
81.0,Masters,Tech,60.0,South,M,>50K
37.0,Bachelors,Tech,47.0,Northeast,M,<=50K
62.0,Some-college,Professional,47.0,Midwest,M,<=50K
41.0,Some-college,Craft,42.0,South,F,<=50K
44.0,Bachelors,Professional,48.0,South,F,<=50K
54.0,Bachelors,Professional,54.0,South,M,>50K
52.0,Bachelors,Professional,39.0,West,M,<=50K
70.0,Masters,Professional,29.0,South,F,>50K
51.0,Masters,Professional,29.0,West,M,<=50K
35.0,Some-college,Professional,48.0,South,M,<=50K
71.0,Bachelors,Professional,45.0,Midwest,M,>50K
90.0,Some-college,Tech,43.0,Midwest,M,<=50K
33.0,Some-college,Professional,23.0,South,M,<=50K
72.0,Bachelors,Craft,36.0,Midwest,M,>50K
35.0,Bachelors,Professional,25.0,South,M,>50K
66.0,Bachelors,Tech,31.0,Midwest,M,<=50K
49.0,Bachelors,Professional,36.0,South,F,<=50K
39.0,Some-college,Tech,34.0,South,F,<=50K
56.0,Bachelors,Professional,56.0,Midwest,F,>50K
45.0,HS,Professional,29.0,Midwest,F,<=50K
87.0,Bachelors,Professional,33.0,West,F,<=50K
52.0,Bachelors,Professional,34.0,Northeast,M,>50K
60.0,Some-college,Admin,42.0,Midwest,M,>50K
56.0,Bachelors,Professional,48.0,South,M,>50K
69.0,Bachelors,Craft,34.0,South,M,<=50K
45.0,Bachelors,Professional,25.0,West,M,<=50K
90.0,Bachelors,Professional,34.0,Northeast,F,<=50K
59.0,Bachelors,Tech,45.0,South,F,>50K
59.0,Doctorate,Professional,31.0,West,M,>50K
56.0,Bachelors,Professional,50.0,Northeast,F,<=50K
58.0,Masters,Professional,32.0,Northeast,M,>50K
51.0,Some-college,Professional,35.0,Midwest,F,<=50K
49.0,Some-college,Professional,37.0,South,M,<=50K
50.0,HS,Tech,59.0,West,M,<=50K
60.0,Bachelors,Professional,49.0,South,F,<=50K
73.0,Some-college,Professional,44.0,South,F,>50K
61.0,Bachelors,Craft,32.0,South,M,<=50K
53.0,HS,Service,31.0,South,M,<=50K
63.0,Some-college,Professional,35.0,Northeast,F,<=50K
71.0,Bachelors,Tech,56.0,West,F,<=50K
64.0,Bachelors,Professional,53.0,Northeast,M,<=50K
88.0,HS,Service,39.0,Northeast,F,<=50K
56.0,Some-college,Tech,35.0,South,M,<=50K
56.0,Doctorate,Professional,25.0,South,F,<=50K
47.0,Masters,Professional,37.0,South,M,<=50K
45.0,Bachelors,Professional,45.0,Midwest,F,<=50K
59.0,HS,Service,47.0,South,M,<=50K
50.0,Some-college,Tech,45.0,Northeast,M,>50K
67.0,Bachelors,Professional,35.0,South,F,<=50K
52.0,Bachelors,Craft,46.0,South,M,<=50K
57.0,Bachelors,Professional,40.0,Northeast,M,<=50K
90.0,Masters,Professional,46.0,Midwest,F,>50K
70.0,Bachelors,Tech,43.0,Midwest,M,<=50K
74.0,Masters,Professional,48.0,Midwest,F,>50K
45.0,HS,Admin,44.0,West,F,<=50K
43.0,Doctorate,Professional,36.0,Northeast,F,>50K
49.0,Some-college,Craft,52.0,Midwest,F,<=50K
77.0,Some-college,Professional,31.0,West,M,>50K
42.0,Masters,Professional,47.0,Midwest,F,>50K
57.0,Bachelors,Professional,37.0,South,M,<=50K
85.0,Masters,Professional,35.0,South,M,>50K
50.0,Some-college,Tech,44.0,West,F,<=50K
56.0,Bachelors,Professional,37.0,West,M,<=50K
66.0,Masters,Professional,32.0,Midwest,F,<=50K
36.0,HS,Tech,31.0,South,F,<=50K
79.0,Bachelors,Tech,29.0,Midwest,F,<=50K
52.0,Some-college,Professional,41.0,South,F,<=50K
51.0,Some-college,Admin,44.0,West,F,<=50K
34.0,Some-college,Professional,38.0,West,M,<=50K
45.0,HS,Sales,26.0,South,F,<=50K
28.0,Bachelors,Professional,39.0,South,M,<=50K
77.0,Bachelors,Professional,49.0,South,M,<=50K
81.0,Masters,Professional,29.0,West,F,>50K
44.0,Bachelors,Craft,32.0,Midwest,M,<=50K
74.0,Some-college,Professional,49.0,Midwest,M,<=50K
63.0,HS,Tech,40.0,West,M,<=50K
43.0,Bachelors,Professional,50.0,Midwest,M,<=50K
41.0,Some-college,Professional,37.0,Midwest,M,<=50K
34.0,Doctorate,Professional,26.0,Midwest,F,<=50K
36.0,Doctorate,Craft,39.0,West,F,<=50K
34.0,Masters,Professional,38.0,South,F,>50K
64.0,Some-college,Professional,44.0,Northeast,F,<=50K
90.0,Some-college,Tech,30.0,Midwest,M,<=50K
64.0,Bachelors,Tech,37.0,Midwest,F,<=50K
33.0,Some-college,Tech,57.0,South,F,<=50K
49.0,Masters,Professional,36.0,Midwest,F,>50K
53.0,Bachelors,Professional,56.0,West,M,>50K
37.0,Some-college,Professional,29.0,South,M,>50K
43.0,Bachelors,Professional,43.0,West,M,<=50K
60.0,Masters,Professional,45.0,Midwest,F,>50K
50.0,Some-college,Professional,49.0,Midwest,M,<=50K
44.0,Bachelors,Craft,41.0,Northeast,F,>50K
34.0,HS,Admin,33.0,Northeast,M,<=50K
70.0,Bachelors,Professional,42.0,West,F,<=50K
61.0,Some-college,Tech,28.0,West,M,<=50K
90.0,Masters,Tech,15.0,West,F,<=50K
38.0,Bachelors,Professional,26.0,South,F,<=50K
65.0,Masters,Tech,56.0,South,F,<=50K
66.0,Masters,Tech,49.0,Midwest,M,<=50K
57.0,Some-college,Professional,58.0,Northeast,M,<=50K
44.0,HS,Professional,45.0,Midwest,F,<=50K
48.0,Some-college,Tech,28.0,South,M,<=50K
55.0,Some-college,Professional,32.0,Midwest,M,<=50K
32.0,Some-college,Craft,41.0,West,M,>50K
66.0,Some-college,Professional,34.0,Northeast,M,<=50K
56.0,Masters,Professional,33.0,Midwest,M,>50K
50.0,Masters,Professional,31.0,Midwest,F,>50K
57.0,Some-college,Craft,34.0,West,M,<=50K
57.0,Some-college,Tech,24.0,West,F,<=50K
62.0,Bachelors,Professional,45.0,Northeast,M,>50K
58.0,Bachelors,Professional,35.0,South,F,>50K
43.0,Bachelors,Craft,52.0,Midwest,F,<=50K
46.0,HS,Professional,56.0,West,M,<=50K
56.0,Some-college,Tech,41.0,South,F,<=50K
54.0,HS,Professional,51.0,Northeast,F,<=50K
82.0,Bachelors,Craft,49.0,Midwest,F,<=50K
46.0,Bachelors,Professional,43.0,Northeast,M,<=50K
49.0,Some-college,Professional,39.0,South,M,<=50K
50.0,Bachelors,Craft,53.0,Midwest,F,<=50K
37.0,Some-college,Service,46.0,West,F,<=50K
57.0,Some-college,Craft,40.0,South,F,<=50K
42.0,Doctorate,Professional,36.0,Midwest,M,<=50K
48.0,Masters,Professional,41.0,West,M,<=50K
43.0,Bachelors,Professional,49.0,West,M,<=50K
52.0,Some-college,Tech,48.0,West,F,<=50K
57.0,Bachelors,Professional,36.0,Midwest,F,<=50K
28.0,Some-college,Tech,36.0,Midwest,M,<=50K
53.0,Bachelors,Craft,43.0,South,M,<=50K
59.0,Some-college,Professional,38.0,Midwest,F,>50K
40.0,Bachelors,Professional,39.0,Northeast,M,<=50K
48.0,Some-college,Professional,32.0,West,F,<=50K
88.0,Some-college,Admin,31.0,South,F,<=50K
48.0,Masters,Professional,44.0,Midwest,F,<=50K
63.0,Masters,Professional,44.0,Northeast,M,>50K
41.0,Some-college,Tech,37.0,West,M,<=50K
72.0,HS,Tech,61.0,Northeast,M,<=50K
33.0,Some-college,Professional,37.0,South,F,<=50K
57.0,Some-college,Professional,48.0,West,F,>50K
49.0,Some-college,Craft,44.0,Northeast,F,<=50K
57.0,HS,Service,37.0,South,F,<=50K
53.0,Some-college,Tech,48.0,Midwest,M,<=50K
63.0,Bachelors,Professional,51.0,Midwest,F,>50K
39.0,Bachelors,Professional,40.0,South,M,<=50K
37.0,HS,Admin,44.0,West,F,<=50K
61.0,Bachelors,Professional,67.0,Northeast,M,>50K
57.0,Some-college,Tech,33.0,Midwest,M,<=50K
30.0,HS,Craft,36.0,West,F,<=50K
84.0,Bachelors,Admin,44.0,South,M,<=50K
51.0,Some-college,Professional,41.0,Northeast,M,<=50K
52.0,Bachelors,Professional,34.0,Midwest,M,>50K
34.0,Bachelors,Professional,35.0,West,M,<=50K
55.0,Some-college,Admin,39.0,South,M,>50K
60.0,Some-college,Craft,39.0,West,M,<=50K
65.0,Doctorate,Professional,42.0,Northeast,M,>50K
41.0,Doctorate,Professional,55.0,Northeast,F,<=50K
90.0,Masters,Professional,40.0,West,F,>50K
67.0,Bachelors,Professional,38.0,Midwest,F,>50K
70.0,Masters,Professional,47.0,Midwest,M,>50K
90.0,Doctorate,Professional,43.0,South,M,>50K
52.0,Some-college,Professional,32.0,South,F,<=50K
58.0,Doctorate,Professional,36.0,Northeast,M,<=50K
30.0,Some-college,Professional,28.0,Midwest,F,<=50K
33.0,Masters,Professional,42.0,Midwest,M,<=50K
52.0,Some-college,Professional,49.0,South,F,<=50K
56.0,Bachelors,Professional,40.0,West,F,>50K
52.0,Some-college,Professional,53.0,Midwest,M,<=50K
48.0,Bachelors,Professional,36.0,Northeast,M,<=50K
64.0,Masters,Professional,39.0,Midwest,F,>50K
65.0,Some-college,Admin,41.0,West,M,<=50K
49.0,Some-college,Service,43.0,South,M,<=50K
55.0,Bachelors,Professional,56.0,Midwest,F,>50K
61.0,Some-college,Professional,32.0,Northeast,F,<=50K
58.0,Doctorate,Professional,47.0,South,F,<=50K
36.0,HS,Service,40.0,South,M,>50K
49.0,Doctorate,Professional,52.0,South,F,>50K
47.0,Some-college,Professional,29.0,Midwest,M,<=50K
79.0,Masters,Tech,30.0,South,M,>50K
42.0,Masters,Craft,56.0,South,F,<=50K
51.0,Bachelors,Professional,53.0,South,F,<=50K
50.0,HS,Craft,51.0,West,M,<=50K
48.0,Some-college,Admin,40.0,Northeast,F,>50K
35.0,Bachelors,Professional,49.0,South,F,>50K
88.0,Masters,Professional,38.0,Midwest,F,<=50K
52.0,Masters,Professional,32.0,West,M,<=50K
62.0,Masters,Professional,40.0,Northeast,M,<=50K
58.0,Masters,Professional,39.0,Midwest,F,<=50K
48.0,Some-college,Tech,32.0,Northeast,F,<=50K
30.0,Masters,Tech,33.0,West,F,<=50K
52.0,HS,Craft,35.0,West,F,<=50K
76.0,Bachelors,Professional,45.0,South,F,<=50K
37.0,HS,Tech,48.0,South,F,<=50K
53.0,HS,Professional,51.0,West,F,<=50K
58.0,Masters,Professional,51.0,South,M,<=50K
48.0,Bachelors,Professional,32.0,Midwest,M,<=50K
48.0,Masters,Professional,46.0,Midwest,M,<=50K
63.0,HS,Admin,49.0,Midwest,F,<=50K
51.0,HS,Sales,45.0,Northeast,M,<=50K
90.0,Bachelors,Professional,29.0,South,M,>50K
64.0,Some-college,Professional,15.0,Midwest,F,<=50K
81.0,Bachelors,Craft,41.0,Midwest,M,<=50K
65.0,Some-college,Admin,34.0,South,F,<=50K
42.0,Some-college,Professional,49.0,South,F,<=50K
52.0,HS,Sales,28.0,South,M,<=50K
54.0,Masters,Professional,46.0,South,M,<=50K
54.0,Some-college,Tech,38.0,South,M,>50K
34.0,HS,Sales,27.0,South,M,<=50K
63.0,Masters,Professional,37.0,South,M,<=50K
62.0,Bachelors,Professional,40.0,West,M,<=50K
55.0,Bachelors,Craft,49.0,South,F,<=50K
38.0,Bachelors,Professional,47.0,Northeast,F,>50K
84.0,Bachelors,Professional,50.0,South,F,>50K
48.0,Bachelors,Tech,48.0,Midwest,M,<=50K
46.0,HS,Tech,37.0,South,F,<=50K
30.0,HS,Service,34.0,Midwest,F,<=50K
65.0,Some-college,Tech,43.0,Northeast,M,<=50K
71.0,Bachelors,Professional,38.0,Midwest,M,>50K
70.0,Masters,Professional,26.0,West,F,>50K
30.0,Some-college,Professional,20.0,Midwest,M,<=50K
73.0,Bachelors,Professional,48.0,Midwest,F,<=50K
49.0,Masters,Professional,42.0,Northeast,F,<=50K
49.0,Some-college,Admin,59.0,Midwest,M,<=50K
44.0,Bachelors,Craft,36.0,Northeast,M,>50K
63.0,Bachelors,Tech,51.0,West,F,<=50K
71.0,Some-college,Professional,42.0,South,F,<=50K
54.0,Bachelors,Craft,46.0,South,M,>50K
49.0,Bachelors,Tech,42.0,West,M,<=50K
74.0,Some-college,Sales,51.0,Northeast,F,<=50K
52.0,Some-college,Professional,46.0,Midwest,M,<=50K
57.0,HS,Tech,37.0,West,M,<=50K
48.0,Masters,Professional,40.0,South,M,<=50K
59.0,Doctorate,Professional,39.0,Northeast,M,<=50K
61.0,Masters,Professional,42.0,Midwest,F,<=50K
43.0,Masters,Professional,43.0,West,M,<=50K
37.0,HS,Sales,36.0,South,F,<=50K
51.0,Masters,Professional,36.0,South,M,>50K
37.0,Doctorate,Professional,40.0,Midwest,F,<=50K
52.0,Masters,Professional,25.0,West,F,<=50K
72.0,Some-college,Admin,44.0,South,M,<=50K
50.0,Masters,Professional,45.0,Northeast,F,<=50K
27.0,Some-college,Professional,10.0,West,M,<=50K
41.0,Masters,Professional,30.0,South,F,<=50K
57.0,Some-college,Craft,41.0,Northeast,F,<=50K
57.0,Bachelors,Tech,21.0,South,F,<=50K
43.0,Some-college,Professional,44.0,Midwest,M,>50K
90.0,Masters,Professional,46.0,Midwest,F,<=50K
63.0,Bachelors,Professional,46.0,West,M,>50K
43.0,Masters,Professional,49.0,Northeast,F,<=50K
82.0,Masters,Professional,38.0,South,F,<=50K
69.0,Bachelors,Professional,49.0,Midwest,F,>50K
90.0,Bachelors,Professional,44.0,Midwest,M,<=50K
63.0,Bachelors,Professional,40.0,West,M,>50K
58.0,Bachelors,Tech,42.0,South,M,<=50K
39.0,Bachelors,Professional,25.0,Midwest,M,<=50K
55.0,Bachelors,Tech,29.0,West,M,<=50K
39.0,Bachelors,Tech,49.0,South,F,>50K
72.0,Bachelors,Professional,50.0,Northeast,M,<=50K
44.0,Bachelors,Professional,33.0,South,F,<=50K
90.0,Some-college,Sales,24.0,Northeast,M,<=50K
52.0,HS,Craft,23.0,Midwest,F,<=50K
90.0,Masters,Professional,48.0,West,F,>50K
36.0,Bachelors,Professional,42.0,Midwest,M,>50K
47.0,Some-college,Professional,58.0,South,M,<=50K
38.0,Doctorate,Professional,51.0,Northeast,F,<=50K
39.0,HS,Tech,58.0,South,M,<=50K
54.0,Masters,Professional,49.0,Northeast,M,<=50K
33.0,Bachelors,Professional,34.0,Northeast,M,<=50K
64.0,Bachelors,Professional,38.0,Midwest,M,<=50K
52.0,Masters,Professional,51.0,Northeast,F,<=50K
46.0,Masters,Professional,28.0,South,M,>50K
48.0,Bachelors,Professional,46.0,Northeast,M,<=50K
47.0,Some-college,Tech,37.0,South,M,<=50K
90.0,Some-college,Professional,49.0,Northeast,M,<=50K
50.0,Bachelors,Professional,36.0,Midwest,M,<=50K
51.0,Masters,Professional,35.0,South,M,<=50K
47.0,Masters,Professional,50.0,South,M,<=50K
71.0,Bachelors,Professional,12.0,South,M,<=50K
58.0,Bachelors,Professional,51.0,West,M,>50K
57.0,Masters,Tech,44.0,West,F,<=50K
32.0,Masters,Professional,33.0,South,M,<=50K
52.0,Some-college,Professional,47.0,Northeast,F,<=50K
72.0,Masters,Professional,36.0,West,F,>50K
42.0,Bachelors,Professional,46.0,Midwest,F,>50K
74.0,Some-college,Tech,41.0,West,M,>50K
59.0,Some-college,Professional,48.0,Midwest,M,<=50K
58.0,Masters,Tech,33.0,West,M,>50K
64.0,Bachelors,Professional,35.0,South,M,>50K
47.0,Some-college,Tech,57.0,West,M,<=50K
52.0,Bachelors,Admin,44.0,West,M,<=50K
73.0,Masters,Professional,39.0,West,M,>50K
80.0,Bachelors,Professional,31.0,Northeast,M,<=50K
75.0,Doctorate,Professional,36.0,West,F,<=50K
82.0,Bachelors,Tech,41.0,Midwest,M,<=50K
75.0,Some-college,Professional,29.0,Midwest,F,<=50K
35.0,Some-college,Tech,39.0,Midwest,M,<=50K
62.0,Some-college,Craft,39.0,West,M,<=50K
35.0,Some-college,Professional,21.0,West,M,<=50K
41.0,Masters,Professional,40.0,Northeast,F,<=50K
38.0,Masters,Professional,51.0,South,M,<=50K
43.0,Bachelors,Professional,36.0,West,M,<=50K
56.0,Bachelors,Professional,39.0,West,F,>50K
42.0,Some-college,Professional,43.0,Northeast,M,>50K
57.0,Some-college,Professional,36.0,Midwest,M,<=50K
73.0,Bachelors,Professional,25.0,South,M,>50K
60.0,Bachelors,Professional,42.0,Midwest,M,>50K
32.0,Some-college,Admin,35.0,Northeast,F,<=50K
50.0,Some-college,Tech,35.0,South,M,<=50K
65.0,Doctorate,Professional,54.0,Northeast,M,<=50K
49.0,Masters,Professional,42.0,Midwest,F,>50K
61.0,Bachelors,Professional,35.0,Northeast,M,>50K
42.0,Bachelors,Craft,34.0,South,F,<=50K
50.0,Masters,Professional,55.0,Northeast,M,<=50K
67.0,Bachelors,Tech,48.0,West,M,<=50K
39.0,Bachelors,Professional,24.0,Midwest,M,<=50K
53.0,HS,Service,47.0,West,M,<=50K
51.0,HS,Professional,37.0,Midwest,M,<=50K
48.0,HS,Sales,36.0,Northeast,F,<=50K
60.0,HS,Professional,51.0,South,M,<=50K
76.0,Bachelors,Professional,47.0,South,M,>50K
50.0,Bachelors,Professional,33.0,West,F,<=50K
45.0,Some-college,Professional,40.0,Midwest,F,<=50K
50.0,Bachelors,Professional,47.0,West,F,<=50K
78.0,Masters,Tech,39.0,Midwest,F,<=50K
42.0,Bachelors,Professional,44.0,South,M,<=50K
40.0,HS,Tech,34.0,Midwest,F,<=50K
46.0,Masters,Professional,52.0,West,M,>50K
66.0,Masters,Professional,54.0,South,F,<=50K
54.0,Some-college,Professional,35.0,South,M,<=50K
65.0,Doctorate,Professional,28.0,South,F,<=50K
39.0,Bachelors,Tech,36.0,West,M,<=50K
50.0,Some-college,Professional,49.0,South,M,<=50K
40.0,Some-college,Tech,42.0,South,F,>50K
41.0,HS,Tech,40.0,South,M,<=50K
59.0,Some-college,Professional,43.0,Northeast,F,<=50K
51.0,HS,Admin,28.0,South,F,<=50K
90.0,Masters,Professional,37.0,Midwest,F,>50K
75.0,Bachelors,Professional,39.0,Midwest,M,>50K
54.0,HS,Sales,36.0,West,F,<=50K
50.0,Bachelors,Professional,48.0,South,M,>50K
36.0,HS,Sales,33.0,West,F,<=50K
33.0,Bachelors,Professional,33.0,Midwest,F,<=50K
73.0,Masters,Professional,47.0,South,M,>50K
46.0,Bachelors,Professional,46.0,West,F,>50K
58.0,Some-college,Professional,42.0,West,M,<=50K
55.0,Bachelors,Professional,43.0,South,M,>50K
66.0,Bachelors,Professional,45.0,Midwest,M,<=50K
88.0,Bachelors,Professional,41.0,South,M,<=50K
68.0,Doctorate,Professional,32.0,West,M,>50K
51.0,Doctorate,Professional,49.0,South,M,>50K
79.0,Doctorate,Professional,58.0,South,F,>50K
62.0,Some-college,Craft,45.0,South,F,<=50K
52.0,Some-college,Craft,39.0,Midwest,F,<=50K
57.0,Bachelors,Professional,52.0,Midwest,M,>50K
70.0,Bachelors,Tech,47.0,Northeast,M,<=50K
79.0,HS,Professional,33.0,West,M,<=50K
46.0,Some-college,Professional,40.0,Northeast,M,<=50K
50.0,Doctorate,Professional,36.0,South,F,>50K
37.0,HS,Service,49.0,South,M,<=50K
69.0,Some-college,Professional,29.0,West,F,<=50K
51.0,Some-college,Professional,52.0,Midwest,F,<=50K
85.0,Masters,Professional,33.0,West,M,>50K
81.0,Bachelors,Professional,42.0,Northeast,M,<=50K
57.0,Some-college,Craft,37.0,Northeast,F,>50K
58.0,HS,Craft,45.0,South,M,<=50K
44.0,Bachelors,Tech,51.0,Midwest,M,<=50K
44.0,Bachelors,Professional,46.0,Midwest,F,<=50K
55.0,Some-college,Admin,30.0,South,M,<=50K
50.0,Bachelors,Professional,39.0,South,F,<=50K
87.0,Masters,Professional,39.0,South,F,>50K
45.0,HS,Service,58.0,West,F,<=50K
65.0,HS,Service,37.0,Northeast,F,<=50K
51.0,Some-college,Tech,38.0,West,M,>50K
56.0,Some-college,Tech,34.0,Northeast,F,<=50K
61.0,HS,Tech,41.0,Northeast,F,<=50K
39.0,Some-college,Craft,46.0,Northeast,M,<=50K
67.0,Masters,Professional,32.0,Midwest,M,>50K
77.0,Bachelors,Professional,53.0,South,M,<=50K
74.0,Masters,Professional,52.0,Northeast,M,<=50K
52.0,HS,Service,48.0,Midwest,M,<=50K
43.0,Some-college,Craft,46.0,Midwest,F,<=50K
69.0,Masters,Professional,63.0,Northeast,M,>50K
47.0,Masters,Tech,31.0,South,M,<=50K
58.0,Some-college,Craft,36.0,South,M,<=50K
33.0,Some-college,Professional,58.0,Northeast,M,>50K
36.0,Bachelors,Professional,28.0,Midwest,M,<=50K
51.0,HS,Service,44.0,Midwest,F,<=50K
51.0,Some-college,Tech,40.0,South,M,<=50K
41.0,HS,Sales,32.0,Northeast,M,<=50K
33.0,Bachelors,Professional,30.0,West,M,>50K
60.0,Bachelors,Professional,39.0,West,M,<=50K
34.0,Masters,Professional,41.0,Midwest,F,<=50K
44.0,Bachelors,Tech,45.0,South,F,<=50K
67.0,Some-college,Professional,47.0,West,M,>50K
53.0,Bachelors,Tech,42.0,Midwest,M,<=50K
59.0,HS,Tech,42.0,West,F,<=50K
56.0,Bachelors,Professional,47.0,West,M,>50K
57.0,Bachelors,Craft,36.0,South,M,>50K
51.0,Bachelors,Professional,29.0,Northeast,F,<=50K
41.0,Masters,Professional,48.0,West,F,<=50K
73.0,HS,Service,22.0,Midwest,F,<=50K
57.0,Bachelors,Professional,46.0,Northeast,M,<=50K
56.0,Masters,Professional,53.0,Midwest,M,>50K
90.0,Some-college,Tech,26.0,Northeast,F,<=50K
41.0,Doctorate,Professional,20.0,Northeast,M,<=50K
74.0,Some-college,Professional,33.0,South,F,<=50K
57.0,Doctorate,Professional,44.0,Northeast,M,>50K
38.0,Bachelors,Professional,31.0,Midwest,F,<=50K
46.0,Masters,Professional,50.0,South,F,>50K
48.0,Bachelors,Professional,47.0,South,M,>50K
36.0,Masters,Professional,30.0,South,F,<=50K
47.0,Some-college,Sales,48.0,West,F,<=50K
68.0,Some-college,Tech,28.0,Midwest,M,<=50K
78.0,HS,Craft,36.0,South,F,<=50K
59.0,Bachelors,Tech,43.0,Midwest,M,<=50K
56.0,Some-college,Professional,53.0,South,M,>50K
52.0,Masters,Craft,48.0,South,F,<=50K
44.0,Bachelors,Professional,54.0,Northeast,F,<=50K
48.0,HS,Admin,28.0,South,M,<=50K
60.0,Masters,Tech,70.0,South,M,>50K
37.0,Bachelors,Tech,31.0,Northeast,F,<=50K
51.0,Bachelors,Professional,44.0,West,M,<=50K
56.0,Bachelors,Tech,56.0,Midwest,F,<=50K
58.0,Bachelors,Tech,46.0,Northeast,M,<=50K
36.0,Bachelors,Professional,50.0,Midwest,M,<=50K
82.0,Masters,Professional,28.0,Midwest,M,>50K
63.0,Some-college,Craft,31.0,South,F,<=50K
42.0,HS,Sales,36.0,South,F,<=50K
48.0,Some-college,Professional,36.0,Midwest,M,<=50K
67.0,Masters,Professional,42.0,South,M,<=50K
71.0,Bachelors,Tech,38.0,West,F,<=50K
44.0,Doctorate,Professional,30.0,West,F,<=50K
41.0,HS,Admin,42.0,Midwest,F,<=50K
77.0,Some-college,Tech,27.0,West,M,<=50K
62.0,Some-college,Professional,35.0,South,F,<=50K
53.0,Bachelors,Professional,44.0,South,F,>50K
47.0,Masters,Professional,33.0,Midwest,F,<=50K
52.0,Bachelors,Professional,41.0,Midwest,F,<=50K
41.0,HS,Admin,46.0,Northeast,M,<=50K
71.0,Masters,Professional,54.0,Northeast,M,>50K
57.0,Masters,Professional,52.0,Northeast,F,>50K
60.0,HS,Craft,49.0,Northeast,F,<=50K
90.0,Masters,Professional,42.0,South,M,>50K
60.0,Bachelors,Craft,30.0,Northeast,M,<=50K
40.0,Some-college,Tech,32.0,West,F,<=50K
46.0,Some-college,Admin,33.0,West,F,<=50K
73.0,Bachelors,Professional,36.0,West,M,<=50K
77.0,Bachelors,Tech,39.0,West,M,>50K
58.0,Bachelors,Professional,33.0,South,M,>50K
50.0,HS,Admin,37.0,Northeast,M,<=50K
70.0,Bachelors,Sales,51.0,South,M,<=50K
40.0,Some-college,Professional,36.0,South,F,<=50K
42.0,Bachelors,Tech,23.0,West,F,<=50K
52.0,Some-college,Professional,39.0,West,M,<=50K
62.0,Bachelors,Professional,40.0,West,F,<=50K
57.0,Masters,Professional,38.0,Northeast,M,<=50K
59.0,Bachelors,Professional,61.0,West,M,<=50K
38.0,Bachelors,Craft,48.0,South,M,<=50K
48.0,HS,Sales,56.0,Northeast,F,<=50K
53.0,Bachelors,Professional,36.0,Midwest,M,<=50K
49.0,Bachelors,Professional,48.0,West,F,<=50K
46.0,Some-college,Craft,43.0,South,F,<=50K
63.0,Bachelors,Professional,40.0,Northeast,M,<=50K
50.0,HS,Tech,33.0,South,F,<=50K
42.0,Bachelors,Professional,42.0,West,F,<=50K
73.0,Bachelors,Tech,23.0,South,F,<=50K
56.0,HS,Sales,50.0,Midwest,F,<=50K
34.0,Bachelors,Tech,64.0,Midwest,M,>50K
61.0,Some-college,Professional,55.0,Midwest,M,<=50K
90.0,Bachelors,Professional,18.0,South,F,<=50K
70.0,Bachelors,Craft,42.0,South,F,<=50K
75.0,Masters,Tech,33.0,West,M,<=50K
79.0,Bachelors,Professional,34.0,Midwest,F,<=50K
61.0,Bachelors,Professional,39.0,West,F,<=50K
45.0,Bachelors,Tech,51.0,West,M,>50K
73.0,Masters,Professional,47.0,Midwest,F,<=50K
39.0,HS,Admin,32.0,South,M,<=50K
56.0,Bachelors,Professional,46.0,South,M,<=50K
65.0,Some-college,Professional,42.0,West,M,<=50K
59.0,Some-college,Professional,60.0,Northeast,M,<=50K
49.0,Masters,Professional,27.0,South,F,>50K
39.0,Masters,Craft,39.0,South,F,>50K
90.0,Some-college,Tech,29.0,West,M,<=50K
67.0,Some-college,Professional,41.0,West,M,>50K
46.0,Masters,Professional,22.0,South,F,<=50K
40.0,Some-college,Craft,31.0,West,F,<=50K
57.0,Some-college,Professional,40.0,Midwest,F,<=50K
56.0,HS,Tech,36.0,Northeast,F,<=50K
57.0,Bachelors,Professional,33.0,Midwest,F,>50K
81.0,Masters,Professional,38.0,Midwest,F,>50K
44.0,Some-college,Professional,35.0,Midwest,F,<=50K
62.0,Bachelors,Professional,33.0,South,F,>50K
35.0,Masters,Professional,37.0,Midwest,M,<=50K
51.0,Masters,Professional,41.0,South,M,>50K
82.0,Doctorate,Professional,42.0,South,F,>50K
38.0,Bachelors,Professional,24.0,West,F,<=50K
69.0,Masters,Professional,37.0,South,M,<=50K
31.0,HS,Craft,49.0,West,F,<=50K
49.0,Some-college,Professional,28.0,South,F,>50K
52.0,HS,Professional,42.0,West,F,<=50K
47.0,Doctorate,Professional,36.0,South,F,>50K
63.0,Bachelors,Professional,51.0,West,F,<=50K
64.0,Bachelors,Professional,52.0,Northeast,M,>50K
71.0,Some-college,Craft,43.0,South,M,<=50K
49.0,Some-college,Professional,36.0,Midwest,M,<=50K
44.0,HS,Admin,26.0,Northeast,F,<=50K
76.0,Doctorate,Professional,35.0,West,F,>50K
46.0,Bachelors,Professional,33.0,South,F,<=50K
64.0,Bachelors,Professional,41.0,South,F,>50K
45.0,HS,Craft,54.0,West,M,<=50K
64.0,Bachelors,Tech,58.0,Midwest,F,>50K
90.0,Masters,Professional,40.0,Northeast,F,<=50K
68.0,Bachelors,Tech,42.0,Northeast,M,<=50K
90.0,Masters,Professional,36.0,South,M,<=50K
45.0,Some-college,Craft,43.0,South,M,>50K
56.0,Bachelors,Professional,39.0,Northeast,F,<=50K
59.0,Masters,Professional,57.0,Northeast,F,>50K
54.0,Bachelors,Professional,34.0,South,F,<=50K
69.0,Bachelors,Professional,42.0,South,F,<=50K
69.0,Bachelors,Professional,35.0,Midwest,M,<=50K
59.0,Some-college,Professional,50.0,South,M,<=50K
87.0,Masters,Professional,54.0,South,M,<=50K
43.0,Some-college,Professional,46.0,Northeast,M,<=50K
46.0,Some-college,Professional,42.0,South,F,<=50K
30.0,Bachelors,Tech,38.0,West,M,<=50K
58.0,HS,Professional,46.0,Northeast,F,<=50K
50.0,Some-college,Tech,37.0,West,M,<=50K
62.0,Masters,Professional,56.0,Northeast,M,>50K
44.0,Masters,Tech,56.0,South,F,>50K
43.0,Some-college,Tech,49.0,West,M,<=50K
56.0,Bachelors,Tech,49.0,Midwest,F,<=50K
46.0,Bachelors,Craft,37.0,West,F,<=50K
60.0,Bachelors,Professional,58.0,Midwest,M,>50K
59.0,Some-college,Professional,29.0,South,M,<=50K
53.0,Bachelors,Professional,35.0,South,M,<=50K
67.0,Bachelors,Professional,60.0,West,F,<=50K
57.0,Bachelors,Professional,38.0,Northeast,M,>50K
49.0,Masters,Professional,34.0,Northeast,M,<=50K
42.0,Bachelors,Tech,26.0,South,F,<=50K
61.0,Some-college,Professional,51.0,Midwest,F,<=50K
44.0,Bachelors,Professional,51.0,Northeast,F,>50K
72.0,Doctorate,Professional,43.0,South,M,>50K
60.0,Some-college,Professional,27.0,West,M,<=50K
47.0,Some-college,Craft,40.0,West,F,<=50K
40.0,Some-college,Professional,33.0,West,M,<=50K
39.0,Bachelors,Professional,48.0,South,F,<=50K
80.0,Some-college,Craft,53.0,South,F,<=50K
31.0,Bachelors,Professional,42.0,Northeast,M,<=50K
44.0,Bachelors,Professional,44.0,South,M,<=50K
90.0,Some-college,Professional,51.0,South,M,<=50K
71.0,Some-college,Tech,56.0,West,F,<=50K
88.0,Some-college,Craft,28.0,South,F,<=50K
65.0,Bachelors,Tech,45.0,South,M,<=50K
57.0,Some-college,Tech,31.0,West,F,<=50K
63.0,Some-college,Tech,35.0,Northeast,F,<=50K
32.0,Some-college,Professional,49.0,West,M,<=50K
38.0,Some-college,Sales,30.0,South,M,<=50K
44.0,Masters,Tech,39.0,Midwest,M,>50K
41.0,Masters,Professional,52.0,West,M,<=50K
39.0,HS,Sales,44.0,Northeast,F,<=50K
90.0,Some-college,Service,23.0,West,F,<=50K
43.0,Bachelors,Craft,40.0,Midwest,M,<=50K
72.0,Some-college,Professional,39.0,South,F,<=50K
32.0,Some-college,Professional,31.0,Midwest,F,<=50K
30.0,Bachelors,Professional,57.0,Northeast,M,<=50K
56.0,Masters,Tech,42.0,South,M,<=50K
66.0,Masters,Professional,42.0,Midwest,F,>50K
39.0,Some-college,Sales,49.0,South,M,<=50K
51.0,Bachelors,Professional,43.0,Northeast,F,>50K
81.0,Bachelors,Professional,28.0,Northeast,F,<=50K
78.0,Bachelors,Craft,40.0,South,F,<=50K
42.0,HS,Service,45.0,West,M,<=50K
90.0,HS,Professional,39.0,Midwest,M,<=50K
85.0,Bachelors,Professional,48.0,Northeast,F,>50K
73.0,Masters,Professional,49.0,South,F,<=50K
36.0,Bachelors,Tech,44.0,South,M,<=50K
45.0,HS,Admin,40.0,West,F,<=50K
62.0,Bachelors,Professional,42.0,South,M,<=50K
54.0,Some-college,Sales,59.0,West,M,<=50K
56.0,Bachelors,Professional,27.0,South,M,<=50K
63.0,Some-college,Professional,52.0,South,F,<=50K
59.0,Masters,Professional,46.0,West,F,<=50K
68.0,Bachelors,Tech,35.0,South,F,<=50K
86.0,Masters,Professional,39.0,South,F,>50K
59.0,Masters,Professional,47.0,South,M,>50K
50.0,HS,Admin,29.0,South,M,<=50K
55.0,Bachelors,Professional,43.0,West,M,>50K
39.0,Masters,Professional,46.0,South,M,>50K
57.0,Bachelors,Craft,34.0,Midwest,M,<=50K
78.0,Masters,Professional,42.0,Midwest,M,<=50K
31.0,Bachelors,Professional,51.0,West,F,<=50K
33.0,Some-college,Professional,41.0,West,M,<=50K
73.0,Bachelors,Professional,34.0,Northeast,M,<=50K
45.0,Masters,Professional,27.0,West,M,>50K
53.0,Masters,Tech,26.0,South,F,<=50K
63.0,Masters,Craft,51.0,Northeast,F,>50K
90.0,Some-college,Professional,36.0,West,F,<=50K
73.0,Masters,Professional,40.0,West,F,>50K
73.0,HS,Sales,39.0,Midwest,M,<=50K
67.0,Bachelors,Tech,35.0,West,F,<=50K
43.0,Some-college,Tech,57.0,South,F,<=50K
63.0,Masters,Professional,48.0,South,M,>50K
85.0,Bachelors,Professional,52.0,South,F,<=50K
27.0,Masters,Professional,27.0,South,F,<=50K
31.0,Some-college,Tech,44.0,South,M,<=50K
65.0,Masters,Tech,48.0,Midwest,M,>50K
39.0,Bachelors,Professional,30.0,West,F,<=50K
50.0,Bachelors,Professional,34.0,South,F,<=50K
60.0,HS,Service,35.0,South,F,<=50K
89.0,Masters,Professional,47.0,Northeast,F,<=50K
55.0,Bachelors,Professional,44.0,West,M,>50K
59.0,Masters,Professional,36.0,South,F,<=50K
80.0,Bachelors,Professional,46.0,South,M,<=50K
45.0,Some-college,Professional,35.0,Midwest,F,<=50K
37.0,Bachelors,Professional,41.0,West,F,<=50K
80.0,Masters,Professional,40.0,Midwest,F,>50K
30.0,Bachelors,Professional,31.0,West,F,<=50K
35.0,Doctorate,Professional,48.0,Midwest,F,>50K
38.0,Some-college,Admin,41.0,Midwest,M,<=50K
68.0,Doctorate,Professional,21.0,South,F,>50K
69.0,HS,Professional,40.0,West,M,>50K
64.0,Masters,Professional,55.0,West,F,>50K
75.0,Some-college,Tech,21.0,Northeast,F,<=50K
44.0,Doctorate,Professional,49.0,South,F,>50K
51.0,Some-college,Professional,44.0,South,F,<=50K
46.0,Masters,Professional,31.0,Midwest,F,<=50K
55.0,Some-college,Professional,42.0,West,F,<=50K
55.0,Some-college,Professional,32.0,Northeast,F,<=50K
39.0,Bachelors,Tech,27.0,South,F,<=50K
61.0,Masters,Professional,45.0,South,M,<=50K
65.0,Some-college,Tech,44.0,Midwest,F,<=50K
68.0,Doctorate,Professional,26.0,West,F,>50K
52.0,Some-college,Professional,37.0,Northeast,M,>50K
58.0,Doctorate,Professional,42.0,Midwest,F,<=50K
50.0,Some-college,Professional,28.0,South,M,<=50K
33.0,HS,Service,49.0,South,M,<=50K
78.0,Bachelors,Professional,34.0,South,F,<=50K
78.0,Some-college,Professional,44.0,West,M,<=50K
42.0,Bachelors,Professional,47.0,Midwest,M,<=50K
51.0,HS,Sales,33.0,West,M,<=50K
59.0,Bachelors,Tech,45.0,South,F,<=50K
62.0,Some-college,Craft,43.0,South,F,<=50K
57.0,Some-college,Admin,46.0,South,M,<=50K
55.0,Bachelors,Professional,38.0,Midwest,F,<=50K
59.0,Bachelors,Professional,51.0,Midwest,F,<=50K
36.0,Some-college,Professional,46.0,South,F,<=50K
59.0,Masters,Professional,56.0,Northeast,F,<=50K
52.0,Bachelors,Professional,51.0,West,F,>50K
90.0,Masters,Professional,26.0,South,M,<=50K
89.0,Doctorate,Professional,33.0,Northeast,F,>50K
62.0,Bachelors,Professional,46.0,Northeast,F,<=50K
49.0,Masters,Tech,51.0,West,F,>50K
70.0,Some-college,Professional,35.0,Midwest,M,<=50K
43.0,Bachelors,Professional,41.0,South,M,>50K
82.0,Masters,Professional,43.0,West,M,>50K
51.0,Some-college,Craft,41.0,West,F,>50K
57.0,HS,Service,51.0,South,F,<=50K
42.0,HS,Service,32.0,Northeast,F,<=50K
44.0,Some-college,Sales,46.0,South,F,<=50K
90.0,Masters,Professional,31.0,South,M,>50K
64.0,Bachelors,Craft,46.0,Northeast,M,<=50K
51.0,Some-college,Admin,34.0,Midwest,F,<=50K
74.0,Masters,Professional,39.0,South,F,<=50K
52.0,Masters,Craft,50.0,South,F,>50K
59.0,Masters,Professional,34.0,South,M,<=50K
61.0,Some-college,Professional,43.0,West,M,>50K
45.0,Bachelors,Professional,47.0,Midwest,F,<=50K
55.0,Masters,Professional,41.0,Northeast,M,>50K
71.0,Some-college,Craft,39.0,West,F,<=50K
63.0,Bachelors,Professional,42.0,Northeast,F,>50K
37.0,Some-college,Professional,32.0,West,M,<=50K
50.0,Some-college,Craft,48.0,South,F,<=50K
90.0,Masters,Professional,45.0,Northeast,F,<=50K
42.0,HS,Tech,56.0,West,M,<=50K
46.0,Some-college,Tech,44.0,South,F,<=50K
56.0,Some-college,Professional,52.0,South,F,>50K
38.0,Bachelors,Professional,36.0,Northeast,F,<=50K
33.0,Some-college,Craft,44.0,West,F,<=50K
80.0,Bachelors,Professional,32.0,West,F,<=50K
35.0,Some-college,Sales,42.0,Midwest,F,>50K
75.0,Some-college,Tech,38.0,Northeast,F,<=50K
58.0,Bachelors,Professional,51.0,West,M,>50K
61.0,Bachelors,Professional,24.0,South,F,<=50K
90.0,Bachelors,Professional,37.0,West,F,<=50K
40.0,Bachelors,Professional,38.0,Northeast,F,<=50K
36.0,Masters,Professional,46.0,South,M,<=50K
76.0,Doctorate,Professional,35.0,Midwest,F,<=50K
76.0,Bachelors,Tech,37.0,Midwest,F,<=50K
62.0,Some-college,Professional,53.0,West,M,<=50K
43.0,HS,Admin,36.0,Northeast,F,<=50K
38.0,Masters,Professional,37.0,South,M,>50K
51.0,Some-college,Craft,52.0,South,M,<=50K
62.0,HS,Sales,24.0,Northeast,M,<=50K
39.0,Bachelors,Professional,44.0,West,F,<=50K
75.0,Masters,Professional,44.0,West,F,>50K
46.0,HS,Craft,44.0,West,F,<=50K
50.0,Bachelors,Tech,26.0,West,F,<=50K
75.0,HS,Professional,29.0,South,F,>50K
49.0,Some-college,Professional,34.0,South,F,<=50K
74.0,Doctorate,Professional,34.0,South,M,<=50K
59.0,Bachelors,Tech,48.0,Northeast,F,<=50K
44.0,Some-college,Sales,37.0,Midwest,M,<=50K
46.0,Bachelors,Professional,54.0,Northeast,F,<=50K
63.0,Bachelors,Professional,42.0,Midwest,M,<=50K
68.0,Bachelors,Professional,47.0,Northeast,F,<=50K
69.0,Some-college,Service,36.0,South,M,<=50K
79.0,Some-college,Craft,35.0,South,F,<=50K
68.0,Doctorate,Professional,46.0,Northeast,M,<=50K
65.0,Some-college,Professional,50.0,West,M,<=50K
52.0,Masters,Professional,36.0,Northeast,F,<=50K
55.0,Some-college,Professional,53.0,South,M,<=50K
41.0,Masters,Professional,39.0,South,M,<=50K
47.0,Bachelors,Tech,55.0,West,M,>50K
55.0,Bachelors,Professional,31.0,South,M,<=50K
50.0,Doctorate,Professional,39.0,West,M,<=50K
32.0,HS,Sales,45.0,South,M,<=50K
39.0,Some-college,Professional,40.0,South,M,>50K
83.0,Some-college,Tech,35.0,West,M,<=50K
38.0,Some-college,Professional,46.0,South,F,<=50K
79.0,Bachelors,Tech,49.0,West,F,<=50K
61.0,Some-college,Craft,39.0,Northeast,M,<=50K
65.0,Bachelors,Craft,49.0,Midwest,M,<=50K
66.0,Doctorate,Professional,38.0,Midwest,F,>50K
48.0,HS,Admin,35.0,Midwest,F,<=50K
44.0,HS,Service,52.0,South,F,<=50K
48.0,Some-college,Professional,37.0,West,M,<=50K
67.0,Some-college,Admin,37.0,South,F,<=50K
40.0,Masters,Professional,47.0,West,F,<=50K
56.0,Masters,Professional,33.0,South,F,>50K
60.0,Bachelors,Professional,34.0,South,M,>50K
64.0,Bachelors,Professional,40.0,West,M,<=50K
62.0,Doctorate,Professional,43.0,West,M,<=50K
38.0,HS,Admin,48.0,South,M,<=50K
90.0,Some-college,Tech,37.0,South,M,<=50K
46.0,Bachelors,Craft,36.0,South,M,<=50K
67.0,Bachelors,Professional,31.0,Northeast,M,>50K
54.0,Some-college,Professional,39.0,South,M,<=50K
52.0,Some-college,Service,38.0,Midwest,F,<=50K
47.0,HS,Sales,51.0,West,F,<=50K
84.0,Bachelors,Professional,25.0,Midwest,M,<=50K
50.0,Some-college,Tech,26.0,Midwest,M,>50K
39.0,Some-college,Professional,24.0,South,F,<=50K
38.0,HS,Admin,38.0,South,M,<=50K
46.0,Masters,Professional,45.0,Midwest,F,<=50K
74.0,Bachelors,Craft,55.0,West,F,<=50K
50.0,Doctorate,Professional,27.0,South,F,>50K
56.0,Some-college,Professional,43.0,South,M,<=50K
75.0,Bachelors,Professional,35.0,South,M,>50K
69.0,Bachelors,Professional,56.0,Midwest,F,<=50K
71.0,Bachelors,Tech,44.0,South,F,>50K
66.0,Bachelors,Professional,55.0,West,F,<=50K
56.0,Bachelors,Professional,42.0,Midwest,F,>50K
59.0,HS,Service,51.0,South,F,<=50K
64.0,Bachelors,Professional,45.0,Northeast,F,<=50K
59.0,Masters,Tech,36.0,West,F,<=50K
57.0,HS,Sales,50.0,South,F,<=50K
48.0,Some-college,Craft,39.0,South,F,>50K
43.0,Bachelors,Professional,21.0,Midwest,M,<=50K
52.0,Masters,Professional,41.0,South,M,<=50K
44.0,Bachelors,Professional,30.0,Midwest,M,<=50K
36.0,Bachelors,Professional,45.0,Midwest,M,<=50K
72.0,Doctorate,Professional,55.0,Midwest,M,>50K
41.0,Masters,Professional,43.0,Northeast,M,>50K
71.0,Some-college,Admin,46.0,Midwest,F,<=50K
65.0,Some-college,Professional,31.0,South,F,<=50K
55.0,Masters,Professional,35.0,South,M,<=50K
86.0,Bachelors,Tech,34.0,West,M,<=50K
37.0,Some-college,Admin,57.0,Northeast,F,<=50K
56.0,Bachelors,Tech,38.0,South,F,<=50K
81.0,Bachelors,Craft,42.0,South,M,<=50K
60.0,Bachelors,Professional,26.0,Northeast,F,>50K
44.0,Some-college,Professional,37.0,South,F,<=50K
38.0,Some-college,Professional,41.0,Northeast,F,<=50K
56.0,HS,Sales,41.0,South,M,<=50K
37.0,Masters,Tech,37.0,South,F,<=50K
69.0,Masters,Professional,45.0,South,M,>50K
65.0,Doctorate,Tech,46.0,Midwest,F,>50K
30.0,Some-college,Professional,28.0,West,F,<=50K
47.0,Bachelors,Tech,30.0,Northeast,M,<=50K
81.0,Masters,Professional,45.0,West,M,>50K
68.0,Masters,Professional,49.0,South,M,<=50K
41.0,HS,Professional,29.0,West,F,<=50K
39.0,Bachelors,Professional,46.0,Midwest,F,>50K
39.0,HS,Craft,28.0,South,M,<=50K
43.0,Bachelors,Professional,39.0,Northeast,F,<=50K
63.0,Some-college,Admin,53.0,Northeast,M,>50K
59.0,Doctorate,Professional,27.0,Northeast,M,>50K
82.0,Masters,Tech,40.0,Midwest,F,<=50K
62.0,Bachelors,Professional,40.0,South,M,<=50K
74.0,Doctorate,Professional,31.0,South,M,>50K
28.0,Some-college,Professional,45.0,Northeast,M,<=50K
52.0,Some-college,Professional,33.0,South,M,<=50K
48.0,Some-college,Tech,35.0,West,F,<=50K
44.0,Some-college,Professional,31.0,Northeast,F,>50K
39.0,Bachelors,Professional,44.0,West,F,<=50K
24.0,Bachelors,Professional,42.0,South,F,<=50K
90.0,Bachelors,Craft,50.0,South,M,>50K
42.0,Bachelors,Professional,39.0,West,M,<=50K
74.0,Masters,Professional,33.0,Midwest,M,>50K
49.0,Bachelors,Professional,55.0,South,M,>50K
64.0,Masters,Tech,36.0,South,M,>50K
65.0,Bachelors,Admin,48.0,West,M,<=50K
80.0,Some-college,Admin,54.0,South,F,<=50K
46.0,HS,Sales,48.0,West,M,<=50K
58.0,HS,Sales,26.0,Midwest,F,<=50K
49.0,Masters,Professional,32.0,Northeast,M,<=50K
66.0,Bachelors,Professional,35.0,West,F,<=50K
77.0,Bachelors,Professional,48.0,West,M,<=50K
42.0,Some-college,Craft,34.0,West,F,<=50K
70.0,Bachelors,Craft,48.0,South,F,>50K
50.0,Bachelors,Professional,43.0,South,F,<=50K
35.0,Bachelors,Professional,41.0,South,F,>50K
27.0,HS,Professional,37.0,South,F,<=50K
42.0,HS,Professional,34.0,Northeast,F,<=50K
63.0,Doctorate,Professional,54.0,West,F,>50K
58.0,Some-college,Craft,43.0,South,M,<=50K
44.0,Bachelors,Tech,54.0,Northeast,F,<=50K
49.0,Masters,Professional,33.0,Midwest,F,<=50K
56.0,HS,Sales,27.0,West,M,<=50K
69.0,Masters,Professional,54.0,South,M,<=50K
41.0,Bachelors,Professional,30.0,South,F,>50K
40.0,Some-college,Professional,41.0,Midwest,M,<=50K
73.0,Bachelors,Professional,37.0,South,M,<=50K
51.0,HS,Tech,40.0,West,F,<=50K
40.0,HS,Craft,37.0,South,M,<=50K
77.0,Doctorate,Professional,30.0,Midwest,F,<=50K
61.0,Bachelors,Professional,31.0,South,F,<=50K
45.0,Masters,Professional,43.0,South,F,<=50K
53.0,Masters,Professional,35.0,Northeast,M,<=50K
56.0,Bachelors,Tech,57.0,South,M,>50K
41.0,Bachelors,Tech,41.0,Midwest,M,<=50K
43.0,Bachelors,Professional,53.0,West,F,<=50K
82.0,Doctorate,Professional,35.0,Midwest,F,<=50K
60.0,Bachelors,Professional,49.0,South,F,<=50K
57.0,Masters,Professional,36.0,South,M,<=50K
57.0,Some-college,Tech,33.0,West,M,<=50K
50.0,Some-college,Sales,39.0,West,F,<=50K
90.0,Bachelors,Professional,36.0,Northeast,F,<=50K
55.0,Bachelors,Professional,64.0,West,F,>50K
73.0,Masters,Professional,29.0,Northeast,M,>50K
50.0,Doctorate,Professional,35.0,South,M,>50K
66.0,Masters,Professional,48.0,Northeast,M,>50K
33.0,Bachelors,Tech,37.0,South,M,<=50K
54.0,Doctorate,Professional,43.0,South,M,>50K
67.0,Bachelors,Professional,48.0,South,M,>50K
59.0,Bachelors,Professional,40.0,South,M,>50K
44.0,Bachelors,Professional,34.0,Northeast,F,<=50K
63.0,Some-college,Craft,29.0,Northeast,M,<=50K
84.0,Some-college,Tech,38.0,Northeast,M,>50K
29.0,Bachelors,Tech,43.0,South,F,<=50K
